algorithm,group,candidate_id,included_as_representative,checkpoint_sha256,bl_per_cycle,max_switches,yaw_deg,lateral_drift_bl,dwell_min_s,dwell_p05_s,dwell_median_s,multiplier,original_weight,added_cost,fall_fraction,torso_contact_fraction
DQN,target-band,dqn-moderate-0.6716,true,9a65bacf90263bf04a93d739188fc2b3d5819b1cef8c3f80e1f53994f9948286,0.67159503698349,2,84.74186706542969,1.0314232110977173,0.24,0.26,0.5,30,-0.15,0.012,0.0,0.0
DQN,target-band,dqn-moderate-0.6839,true,6bdd94dbcf227cf2bb6feb3cbe4eec1c3c248a618ad93e7263160cab4d414e47,0.6839187145233154,3,33.012508392333984,0.4583650529384613,0.2,0.3,0.5,10,-0.05,0.0,0.0,0.0
DQN,target-band,dqn-moderate-0.7580,true,09578d9aa07f0e54d0b256151fe41079d16a0dcb9afe5f7c0dc4c54ab3240583,0.7579604983329773,4,29.838329315185547,0.42734161019325256,0.1,0.26,0.48,30,-0.15,0.0,0.0,0.0
DQN,target-band,dqn-moderate-0.7650,true,84ef386698db94ba87aebd9ee9eb63f4a4d353b9bbe7c3ccf9590f5386d0d531,0.7649886608123779,4,31.92962646484375,0.28766801953315735,0.12,0.14,0.42,10,-0.05,0.0,0.0,0.0
DQN,target-band,dqn-moderate-0.7656,true,17eeafab352368e2996f463f5e3acc2f0b61b5266de3837a366f9a8d7d1e763a,0.7656033039093018,2,35.13816452026367,0.5443880558013916,0.34,0.36,0.44,100,-0.5,0.04,0.0,0.0
DQN,target-band,dqn-moderate-0.7670,false,7bb95542fef385937edaf47fa50a4bdf1272922f1f92bb9176e2785804209fd3,0.7669723629951477,3,34.401832580566406,0.6356401443481445,0.2,0.22,0.38,100,-0.5,0.04,0.0,0.0
DQN,target-band,dqn-moderate-0.7739,false,530dbe615666c3fb456fa332e93d64b4db45e6ad4261aeb5889a33b0cca23616,0.7738814949989319,3,36.20987319946289,0.9795939922332764,0.22,0.28,0.5,10,-0.05,0.004,0.0,0.0
DQN,target-band,dqn-moderate-0.7959,true,f2d1e30871849fe9f29012defd8be6ceb8f0d459e1417db6d60bebd2efc40f5d,0.795917272567749,2,33.548133850097656,0.5588266849517822,0.36,0.36,0.46,100,-0.5,0.04,0.0,0.0
DQN,target-band,dqn-moderate-0.7986,true,8448100bfa9e0e3527f5b32ebf815cbe7847f163240164b559b3b004a360af86,0.7985751628875732,3,37.40424346923828,0.32025158405303955,0.14,0.16,0.48,30,-0.15,0.012,0.0,0.0
DQN,higher-displacement,dqn-higher-0.8158,true,048b94eaf29596723a20a91ae48f14ff3fd04533fd31cd476f386cc05f1e30ff,0.8158473372459412,2,27.8741512298584,0.33608222007751465,0.34,0.34,0.44,100,-0.5,0.04,0.0,0.0
DQN,higher-displacement,dqn-higher-0.8328,false,4ccc1884f3dc4d1eff6ff94a1f62602d914b19ac2664c4778ae21abc85d43b93,0.8327593207359314,2,28.193218231201172,0.3370935022830963,0.34,0.34,0.44,100,-0.5,0.04,0.0,0.0
DQN,higher-displacement,dqn-higher-0.8401,false,0a770ba377fa851e0d7309c76696d159bae0fdb093f9de16703be0d6833e413e,0.8400605320930481,2,27.33380126953125,0.3802081048488617,0.32,0.32,0.44,100,-0.5,0.04,0.0,0.0
DQN,higher-displacement,dqn-higher-0.8412,false,e892ac3650910b4388bbfa170593549ba7bfdc5d2a123ff4a1e9ee4c6121514e,0.8411586284637451,2,28.014476776123047,0.4249407649040222,0.32,0.32,0.46,100,-0.5,0.04,0.0,0.0
DQN,higher-displacement,dqn-higher-0.8413,false,bd371b4fe851c3fa38c0fff734bdcf9de301b6fffd191df7d52bf679d265ad92,0.841339111328125,2,26.30956268310547,0.32415857911109924,0.34,0.34,0.44,100,-0.5,0.04,0.0,0.0
DQN,higher-displacement,dqn-higher-0.8514,false,2570a9d5c181445c47c1ed1f22d035843cd00e897d6e5ed67830ade91b4cbfb6,0.8513559699058533,2,26.990053176879883,0.342552125453949,0.34,0.34,0.46,100,-0.5,0.04,0.0,0.0
DQN,higher-displacement,dqn-higher-0.8553,false,665a4bb450f193360a2efdfdf05716b5f902b73070bf1d22f367d2c1c172320a,0.8552921414375305,2,25.990314483642578,0.24905964732170105,0.34,0.34,0.42,100,-0.5,0.04,0.0,0.0
DQN,higher-displacement,dqn-higher-0.8565,false,0f836c6203cfde86b7a78dfd7e7927f2a3f4b20ce6751e3c65defd78b18ae710,0.8564905524253845,2,28.094829559326172,0.37039148807525635,0.16,0.16,0.32,100,-0.5,0.0,0.0,0.0
DQN,higher-displacement,dqn-higher-0.8603,false,514b2eee4e727c07624eb28ee3355acf40fe4a80fae042f89bb322f92cb07341,0.8602625727653503,2,32.59083938598633,0.15984492003917694,0.16,0.2,0.4,100,-0.5,0.0,0.0,0.0
DQN,higher-displacement,dqn-higher-0.8616,false,a0b82e08d17ed0aadbc05204871f295625c6279bdccb1240216314deb19d73cd,0.8615595698356628,2,37.44527816772461,0.3218382000923157,0.14,0.2,0.48,30,-0.15,0.012,0.0,0.0
DQN,higher-displacement,dqn-higher-0.8617,true,4ccbf677ba93e8decb8c26c952326467b55a7910414f19f7a6e956eee1b9e8b7,0.8617193102836609,2,25.003511428833008,0.2651844620704651,0.34,0.34,0.4,100,-0.5,0.04,0.0,0.0
DQN,higher-displacement,dqn-higher-0.8941,false,d9fed95f2c256b4b4fa4293f7b1cc806f70a1c112b83b7dfb3834ec58fd90655,0.894069254398346,2,31.342708587646484,0.22962427139282227,0.18,0.2,0.36,100,-0.5,0.0,0.0,0.0
DQN,higher-displacement,dqn-higher-0.9005,false,91b41bc491ba41e983beda39624519ec6bb231b2424ea6a36eae9b9ef9e11c4e,0.9004955291748047,2,29.28029441833496,0.3782067894935608,0.14,0.16,0.38,100,-0.5,0.0,0.0,0.0
DQN,higher-displacement,dqn-higher-0.9018,false,1542ed4d05520ce1b3ab48af831a0a400c135ec7cd019dad3ec2b25c1c47c870,0.901843249797821,2,26.251312255859375,0.49655893445014954,0.14,0.16,0.38,100,-0.5,0.0,0.0,0.0
DQN,higher-displacement,dqn-higher-0.9068,false,ae47afdefcce1b04eade6de1ec9857a906901875ea45c4d059a7b08636d6a761,0.9067961573600769,4,29.59885597229004,0.3565307855606079,0.04,0.08,0.3,10,-0.05,0.0,0.0,0.0
DQN,higher-displacement,dqn-higher-0.9089,false,349a01d84fe79f1341dc244e1506da917eb02d5de84edfd4bec2ea846fdcddd5,0.9088889956474304,2,25.939048767089844,0.3766884505748749,0.14,0.16,0.48,100,-0.5,0.0,0.0,0.0
DQN,higher-displacement,dqn-higher-0.9092,true,a86523d577ed5938a28a25207c0ff90ec55a63e288541f5b4c23a6c07c34a1d1,0.9091511368751526,4,29.507526397705078,0.2454078644514084,0.1,0.1,0.28,10,-0.05,0.0,0.0,0.0
DQN,higher-displacement,dqn-higher-0.9154,false,f2a406d1f7113c74f6b344d3b99bd1571ec90e92b4bfeb70f0c4fc326a1cf137,0.9154028296470642,2,25.60301399230957,0.3453998267650604,0.16,0.16,0.4,100,-0.5,0.0,0.0,0.0
DQN,higher-displacement,dqn-higher-0.9155,false,2df00ee78d5f8748d3b338c8979337fcc80ff4a1349d5f0cdf92bbcb2e3002b5,0.9154572486877441,4,31.860681533813477,0.2674052119255066,0.02,0.08,0.26,10,-0.05,0.0,0.0,0.0
DQN,higher-displacement,dqn-higher-0.9170,false,95d997ac051196fea395db0f9d3bb558385e00aa3fe2583f46eb330031770fe3,0.9170165061950684,2,26.803037643432617,0.2866010069847107,0.14,0.16,0.36,100,-0.5,0.0,0.0,0.0
DQN,higher-displacement,dqn-higher-0.9210,false,aa410001cc5385a043f8eb171c4a4a64e8d15ac88e6148ae627498c16d4425f9,0.9210267663002014,2,26.012451171875,0.30363863706588745,0.14,0.16,0.38,100,-0.5,0.0,0.0,0.0
DQN,higher-displacement,dqn-higher-0.9275,false,f62c4481bce7e325ea08793eb3fe319acf1ecc32bddeea42f58702e3e885af54,0.9274685978889465,2,31.09682846069336,0.3970899283885956,0.14,0.18,0.32,10,-0.05,0.0,0.0,0.0
DQN,higher-displacement,dqn-higher-0.9299,false,00114c167536aed60cadd9a216bbc174bf52c6c3fa20b1a12e5b912456f5beca,0.9298923015594482,2,27.508426666259766,0.3611144721508026,0.14,0.14,0.36,100,-0.5,0.0,0.0,0.0
DQN,higher-displacement,dqn-higher-0.9328,false,4b46b5e9fcbfada8e1382e4da793620e603e9ed0ab5aed80b946594ac713a69e,0.9328398108482361,4,29.928932189941406,0.30831822752952576,0.04,0.08,0.26,5,-0.025,0.002,0.0,0.0
DQN,higher-displacement,dqn-higher-0.9353,false,f9d822c9aa363599edf6d377703bfa3d42844768dc1eb3e1bb4b03089305b56b,0.9352984428405762,2,30.22110366821289,0.22288459539413452,0.1,0.2,0.3,10,-0.05,0.0,0.0,0.0
DQN,higher-displacement,dqn-higher-0.9354,false,57c829746419246b91e8bab7f8eeecd49553a70bef2eb2b85798e765f959f6e9,0.9354446530342102,4,30.92673110961914,0.36569568514823914,0.04,0.1,0.28,10,-0.05,0.0,0.0,0.0
DQN,higher-displacement,dqn-higher-0.9356,false,ecedbb7ebb0f56cc1655cba4e7d632d1e20bcf66fa86859e1be0598d0d8d1fc3,0.9356181025505066,3,29.92238426208496,0.28879672288894653,0.06,0.12,0.26,10,-0.05,0.0,0.0,0.0
DQN,higher-displacement,dqn-higher-0.9427,false,50c43951de8d26a228f5687754d9a4b329f88c10ac9c94bcc89722fe20b6ce0b,0.9427403807640076,4,28.53096580505371,0.1959141343832016,0.06,0.1,0.28,10,-0.05,0.0,0.0,0.0
DQN,higher-displacement,dqn-higher-0.9453,false,449a8f4ec48e68ad6e56e5540857aed3afdc620ce17a7c2b2377fe3f4e783912,0.9453079700469971,2,30.181652069091797,0.3251078724861145,0.14,0.18,0.28,10,-0.05,0.0,0.0,0.0
DQN,higher-displacement,dqn-higher-0.9486,true,6e216d69a116f00e812639f84a5e54182516a88ca317a72e164531b9a941d2c1,0.948580265045166,2,27.74956512451172,0.14246167242527008,0.04,0.12,0.28,10,-0.05,0.0,0.0,0.0
DQN,higher-displacement,dqn-higher-0.9495,false,be18a3c77e54533e8e0e229e2b18bf315105d37bba9b799f4035bc8a9b15fae3,0.949455738067627,4,27.746583938598633,0.41106778383255005,0.04,0.06,0.26,5,-0.025,0.0,0.0,0.0
DQN,higher-displacement,dqn-higher-0.9516,false,e20e53f3fefe925399be6ef270d08d6eebef121d1128f1bf3ac04d4e94af4032,0.951649010181427,4,29.786718368530273,0.223554790019989,0.02,0.16,0.3,10,-0.05,0.0,0.0,0.0
DQN,higher-displacement,dqn-higher-0.9569,false,b3b07b6e6115707aa5b854998e11154409d247808f9af84a00a42af3e132384d,0.9569084644317627,2,29.23247718811035,0.3177570700645447,0.14,0.14,0.36,100,-0.5,0.0,0.0,0.0
DQN,higher-displacement,dqn-higher-0.9693,false,e6179b814749239c364b819f719bb41e11d91417bfca296283d43777d907984d,0.9693281054496765,4,28.240766525268555,0.20516332983970642,0.06,0.06,0.24,5,-0.025,0.002,0.0,0.0
DQN,higher-displacement,dqn-higher-0.9761,true,9af9cfcc621a0946d4be40f8fedf0a05d269259a2288fc98ce13dfd74d1b7634,0.976067304611206,4,30.107004165649414,0.3088764250278473,0.16,0.16,0.26,10,-0.05,0.004,0.0,0.0
DQN,higher-displacement,dqn-higher-0.9775,false,75e4e318fafacd37a637971b0949a929b5f7eb6226743803a22f94e2a5333982,0.9774558544158936,4,29.272762298583984,0.24196191132068634,0.04,0.08,0.26,5,-0.025,0.002,0.0,0.0
DQN,higher-displacement,dqn-higher-0.9828,false,c116e0bcb52fe885ac3553ef782f608d275e363898f5a9afcdbb53bc630d7725,0.9828028678894043,3,30.126922607421875,0.25081583857536316,0.14,0.16,0.26,30,-0.15,0.0,0.0,0.0
DQN,higher-displacement,dqn-higher-0.9828,false,abebf99bde4d986e5595e36d7591e0bd21585633fa544eeec698235ae6dcf6b8,0.9828305840492249,2,29.403133392333984,0.4147976338863373,0.1,0.14,0.26,30,-0.15,0.012,0.0,0.0
DQN,higher-displacement,dqn-higher-0.9834,false,743f29ef63cc778be448c47eb10915910f851e5db76d9d72c96cc7e0fd11d2d5,0.9833638668060303,4,29.696474075317383,0.23965618014335632,0.08,0.08,0.28,5,-0.025,0.002,0.0,0.0
DQN,higher-displacement,dqn-higher-0.9837,false,9d0c72690627c68d9eeb0453d22e55bc91833229218bf103b14a85d15d049db4,0.9836738109588623,2,30.745779037475586,0.23925252258777618,0.14,0.14,0.3,30,-0.15,0.0,0.0,0.0
DQN,higher-displacement,dqn-higher-0.9861,false,56e25defa773a5df943bbc5b95f95805fb8301c5a446bce34a70b81d4f59fbc7,0.9860532879829407,2,31.75938606262207,0.3465285897254944,0.14,0.16,0.3,30,-0.15,0.012,0.0,0.0
DQN,higher-displacement,dqn-higher-0.9864,false,8875583a99b851efba582a584c1c659477aadbae567a818ded1d604bc84c6574,0.9863775372505188,2,30.31142234802246,0.3832862377166748,0.12,0.14,0.27,30,-0.15,0.012,0.0,0.0
DQN,higher-displacement,dqn-higher-0.9869,false,46443cb6f85ad6ce6049c6872023603d989e819ec89569f779d3620e10b15463,0.9869408011436462,4,31.372852325439453,0.4235060513019562,0.04,0.12,0.28,10,-0.05,0.004,0.0,0.0
DQN,higher-displacement,dqn-higher-0.9885,false,3b27a668a02c8053b6c8c78da4cab2d499dcf432e3bbd9a910f6d71ba33a88cf,0.9884509444236755,2,30.232955932617188,0.3373185396194458,0.12,0.14,0.29000000000000004,30,-0.15,0.012,0.0,0.0
DQN,higher-displacement,dqn-higher-0.9891,false,414dc594b0ca8253552014f2615322bcac35e86bbb097abe29e4bfa582f53e53,0.9890697598457336,3,30.325519561767578,0.2982040047645569,0.14,0.14,0.26,30,-0.15,0.0,0.0,0.0
DQN,higher-displacement,dqn-higher-0.9894,false,4c83c0619d68277f0357eb5ee5854c55d7efa91f7b767a8404cb202591b91d8f,0.9893903136253357,4,29.60694694519043,0.15813800692558289,0.04,0.06,0.26,5,-0.025,0.002,0.0,0.0
DQN,higher-displacement,dqn-higher-0.9899,false,12c82da02df0253ca3a704002dce4500cbca566b9e8ecb4b69638a62bdc790dd,0.9898805618286133,2,30.434185028076172,0.32511669397354126,0.14,0.14,0.28,30,-0.15,0.012,0.0,0.0
DQN,higher-displacement,dqn-higher-0.9901,false,246af22e2cb5e10a6c0abd8e8852eefe83861bc24cbdc5aa384d1fb77c144c18,0.9901207089424133,4,28.92620849609375,0.4081004559993744,0.14,0.14,0.28,30,-0.15,0.0,0.0,0.0
DQN,higher-displacement,dqn-higher-0.9941,false,2c097fa3d285fcf35b3925df6100b6260c8a4ffa406e5e4c757afe9b4b3bd41c,0.9941115975379944,2,30.437026977539062,0.31064024567604065,0.16,0.16,0.26,10,-0.05,0.004,0.0,0.0
DQN,higher-displacement,dqn-higher-0.9950,false,0146933b925bb55dc470d321d755746886a54652022bf4ba2be6dd61a0df4e8b,0.9950252175331116,2,30.494081497192383,0.2760893404483795,0.12,0.14,0.3,30,-0.15,0.012,0.0,0.0
DQN,higher-displacement,dqn-higher-0.9963,false,739315d073216257f5093046b46dd98e9e7ba1b0782ef477e8adb6d56feb6b30,0.9962502121925354,2,30.434185028076172,0.3377811908721924,0.14,0.16,0.27,30,-0.15,0.012,0.0,0.0
DQN,higher-displacement,dqn-higher-0.9967,false,dc1a7068d401885554a481b46528b156f704d028134b81d2e54d86e9f61c8a62,0.9967471957206726,4,29.455322265625,0.17072726786136627,0.06,0.06,0.26,5,-0.025,0.002,0.0,0.0
DQN,higher-displacement,dqn-higher-0.9983,true,3f459bda23d025928fb8b1a4ab60becc1128dd1460d2d705f5bb22cc411dd773,0.9983417391777039,4,29.880949020385742,0.1365155428647995,0.06,0.06,0.26,5,-0.025,0.002,0.0,0.0
DQN,higher-displacement,dqn-higher-0.9984,false,cfa56d749d67f1d2412c9aef5e46b00d6cc0d7ddd43216710cdfaa31d607cc9c,0.9984204769134521,2,30.287580490112305,0.3025154769420624,0.16,0.16,0.24,30,-0.15,0.0,0.0,0.0
DQN,higher-displacement,dqn-higher-1.0004,false,8f7785c0361755db16d668fdaced713f17ff3ff5d65536ad7527507bf1b3b1f1,1.0003993511199951,2,30.031200408935547,0.343417763710022,0.16,0.16,0.26,30,-0.15,0.0,0.0,0.0
DQN,higher-displacement,dqn-higher-1.0004,false,aff8430966e09a415174969f581c47f58dc350fd26f466a62377b9e3d33d9588,1.0004353523254395,2,29.650419235229492,0.3697274923324585,0.14,0.16,0.25,30,-0.15,0.0,0.0,0.0
DQN,higher-displacement,dqn-higher-1.0006,false,41129cd0eb501c832f91b3c40fa159c0137faad33f9b168276df299c2ab4877e,1.000555396080017,2,29.90488624572754,0.2761564254760742,0.14,0.16,0.26,30,-0.15,0.0,0.0,0.0
DQN,higher-displacement,dqn-higher-1.0009,false,1ba55138865741346f8da3be41244109b1b083b5642a8025f447cca69c2bb34c,1.0009180307388306,2,29.433238983154297,0.2280358374118805,0.08,0.14,0.26,10,-0.05,0.004,0.0,0.0
DQN,higher-displacement,dqn-higher-1.0022,false,fb25f8907c94d67cf7bd9258e8db43b432b9b82dd9f73914812ccc4db0186dd8,1.0022166967391968,2,29.702463150024414,0.22268351912498474,0.16,0.16,0.3,10,-0.05,0.004,0.0,0.0
DQN,higher-displacement,dqn-higher-1.0029,false,caa6276c5e6553bd6f48c704dd53b87fc3026c2cbca66b22e868e49f71e205e1,1.002870798110962,2,29.61824607849121,0.3084433972835541,0.14,0.16,0.26,30,-0.15,0.0,0.0,0.0
DQN,higher-displacement,dqn-higher-1.0038,false,98bcfd8e87f8d508950b34b200edee5ffdfa0a4a8781e3be6f87b30e6b9a6b8e,1.0038299560546875,2,29.89813804626465,0.2089632898569107,0.14,0.14,0.27,10,-0.05,0.004,0.0,0.0
DQN,higher-displacement,dqn-higher-1.0080,false,b3d98835e9cdaa9f319d829ad316b7f3917a3f2758e56c9993a9f73806f88a56,1.0079573392868042,2,30.08104133605957,0.3179177939891815,0.14,0.14,0.26,10,-0.05,0.004,0.0,0.0
DQN,higher-displacement,dqn-higher-1.0081,false,485045c8f783a8b04d2f25b4efa65d084818dfdf304cf12f78edb72e41c1d348,1.0080946683883667,2,30.11583137512207,0.36076223850250244,0.12,0.14,0.28,10,-0.05,0.004,0.0,0.0
DQN,higher-displacement,dqn-higher-1.0092,false,96b06540edb25448533f5e64e314ec210f50e3669943d8a6e36907aca20b6c91,1.0091782808303833,2,30.07465362548828,0.3483882248401642,0.14,0.16,0.26,30,-0.15,0.0,0.0,0.0
DQN,higher-displacement,dqn-higher-1.0102,false,92c247ea9201158a73df8eeab3b62446fdde51461ad763aa2fa02c3f8097a40f,1.0101584196090698,2,29.78635597229004,0.28554046154022217,0.14,0.16,0.26,10,-0.05,0.004,0.0,0.0
DQN,higher-displacement,dqn-higher-1.0116,true,96dc32c234b25939129066e0dd99c6adfc231d877423124ff6bc826c2fc262b8,1.01163649559021,3,29.779150009155273,0.33655619621276855,0.14,0.14,0.26,10,-0.05,0.004,0.0,0.0
DDQN,target-band,ddqn-moderate-0.6194,false,48d44fa00b5e5e3bd878becdefb18a289f6175d558d22d6e2550eb10e1e6dfde,0.6193516850471497,4,40.79389572143555,0.4979262351989746,0.04,0.1,0.46,10,-0.05,0.0,0.0,1.0
DDQN,target-band,ddqn-moderate-0.6582,true,f97a5126d8ffcaceb9788450abdf40d157bb391c7250a775873e4ab88c67dc3d,0.6582048535346985,3,43.91682052612305,0.6197111010551453,0.16,0.16,0.5,100,-0.5,0.04,0.0,0.0
DDQN,target-band,ddqn-moderate-0.7232,false,68d1019aceb0d540c55ba25165d56ae676ef2cd0832ec579226a76dea6129fdf,0.7232176661491394,4,44.994869232177734,0.8604013919830322,0.08,0.1,0.44,10,-0.05,0.0,0.0,0.0
DDQN,target-band,ddqn-moderate-0.7378,false,bb6980f5b8e676953404d44784993c482dbb3abd43765060ecc9d74d1ab34995,0.7378225326538086,4,31.967370986938477,0.8185665011405945,0.04,0.06,0.48,5,-0.025,0.002,0.0,0.0
DDQN,target-band,ddqn-moderate-0.7440,true,4a54d464bfcedb129e9a3afbb298cc89ff6df4b0f667b5a1cab266c404171eff,0.7440200448036194,3,37.952430725097656,0.38156184554100037,0.14,0.16,0.47,100,-0.5,0.0,0.0,0.0
DDQN,target-band,ddqn-moderate-0.7520,true,1851a4d5dde15f2f5b7452536914b91c90de8c72e182ec5a4f596bdb2316d38a,0.752018392086029,2,44.74992752075195,0.4075344502925873,0.16,0.2,0.47,30,-0.15,0.012,0.0,0.0
DDQN,target-band,ddqn-moderate-0.7523,false,5062c76211f2a1a97acba28f14e67110cb9170f3a13174772b45532ea5590e82,0.7523062825202942,4,30.792139053344727,0.9409786462783813,0.08,0.18,0.46,10,-0.05,0.004,0.0,0.0
DDQN,target-band,ddqn-moderate-0.7746,true,492f31dbf7923903a08012266bc7ce9f194614cff883125d9a2ca3d954a90ec3,0.774627149105072,3,34.00592803955078,0.3367311954498291,0.22,0.28,0.5,10,-0.05,0.004,0.0,0.0
DDQN,target-band,ddqn-moderate-0.7786,true,0fc2484eb0ca3b267f5b37353f5fa97ac2c3cb78c59b696f68e83e840d97de0d,0.7785884737968445,2,33.548133850097656,0.3364008963108063,0.4,0.4,0.46,100,-0.5,0.04,0.0,0.0
DDQN,target-band,ddqn-moderate-0.7884,true,afa17d4efbdc1797a04c93a5a8bbdeb31aa405fd8c62b2ee59c8e17d46dc726b,0.7884289622306824,4,37.73752212524414,0.23450586199760437,0.06,0.12,0.24,10,-0.05,0.004,0.0,0.0
DDQN,target-band,ddqn-moderate-0.7898,false,6a16e8f7dbf47cc507c39b2a506a5048a54b6cd0cfa45412ce5386359c498110,0.7897570133209229,2,35.58509063720703,0.6209807395935059,0.3,0.32,0.5,100,-0.5,0.04,0.0,0.0
DDQN,target-band,ddqn-moderate-0.7908,false,b17be7a44afe25e5d05501026e97b962fd577ecc335623c1dc4532ac8f09aa6b,0.7907739281654358,2,33.48512649536133,0.5885919332504272,0.34,0.34,0.46,100,-0.5,0.04,0.0,0.0
DDQN,target-band,ddqn-moderate-0.7939,false,0ab2fbc564771943cb6682052a73705789ffb4a269b64228869cac4b5f5ab46d,0.7938787937164307,2,34.94528579711914,0.608978271484375,0.34,0.34,0.44,100,-0.5,0.04,0.0,0.0
DDQN,target-band,ddqn-moderate-0.7965,false,5cc5652596f9ed992240143b4cec4597cd5b385c398ee7cc0631f5a80762fc72,0.7964524626731873,2,33.71312713623047,0.4215485155582428,0.34,0.34,0.48,100,-0.5,0.04,0.0,0.0
DDQN,target-band,ddqn-moderate-0.7998,true,8f287ab7eb7eeab4c052c3ee0050dad0428ca31b3b92bf32f668de57d9ad06b4,0.7998262047767639,2,28.965953826904297,0.33623236417770386,0.34,0.34,0.44,100,-0.5,0.04,0.0,0.0
DDQN,higher-displacement,ddqn-higher-0.8278,false,d34f536d3ed228e6b17a393c0a67fee8d98192ada3fef436cd8f350de18b0a4c,0.8277688026428223,2,28.000032424926758,0.4668489396572113,0.28,0.28,0.44,100,-0.5,0.04,0.0,0.0
DDQN,higher-displacement,ddqn-higher-0.8310,true,1e835c7d6d1bbc6903d73646d212434ec5b40790e24def1a31982f3409d5ecd6,0.8309676051139832,3,27.468761444091797,0.3499729633331299,0.3,0.32,0.44,100,-0.5,0.04,0.0,0.0
DDQN,higher-displacement,ddqn-higher-0.8343,false,597432566f425c43519a83d0253101918b0349cd35bc4a939b82c2fdbcdf4472,0.8342766165733337,2,26.770254135131836,0.3922480344772339,0.32,0.32,0.48,100,-0.5,0.04,0.0,0.0
DDQN,higher-displacement,ddqn-higher-0.8355,false,0abf5e92261661039174dca2a026d87b63d4fd9d6a267dc0f3eb7bb531450d85,0.8355423808097839,2,26.986766815185547,0.374227911233902,0.34,0.34,0.46,100,-0.5,0.04,0.0,0.0
DDQN,higher-displacement,ddqn-higher-0.8572,false,4eb602e6c73ed3bd0712194d513308832653e76c20796b85e6a139d402374dd5,0.8571999073028564,2,31.23727798461914,0.33187931776046753,0.16,0.16,0.39,100,-0.5,0.0,0.0,0.0
DDQN,higher-displacement,ddqn-higher-0.8649,true,55e3af4d98d4f2be8975a42ce11d40520755abb47b4d5c16fc0ce95347924eb6,0.8648708462715149,2,33.03925323486328,0.3549160063266754,0.16,0.19100000000000023,0.5,100,-0.5,0.0,0.0,0.0
DDQN,higher-displacement,ddqn-higher-0.8738,false,5493d249bf25ca5cebacfcb5735aec3ec8b72174019af6ea387e89b958cf56e2,0.873798131942749,2,28.743738174438477,0.26423296332359314,0.16,0.16,0.48,100,-0.5,0.0,0.0,0.0
DDQN,higher-displacement,ddqn-higher-0.8770,false,d5cdb12e9ec28546728024578fbadc1ece87a53827e2041eb0bcacac29faa3f8,0.877024233341217,2,28.966121673583984,0.3999721109867096,0.16,0.16,0.5,100,-0.5,0.0,0.0,0.0
DDQN,higher-displacement,ddqn-higher-0.8861,true,6ebc823a6ece4b84ce07a73c7f8ff43d59d565714b44c146fe2b9458e7549f3e,0.8860697150230408,2,26.507022857666016,0.2522105872631073,0.18,0.28,0.38,100,-0.5,0.0,0.0,0.0
DDQN,higher-displacement,ddqn-higher-0.8897,false,b7d1ba6fb47d83867c49cc94c80ed0a75ef0c06dd492e954372e9c90c133bc6a,0.8897306323051453,2,31.371131896972656,0.4959940016269684,0.12,0.16,0.38,30,-0.15,0.0,0.0,0.0
DDQN,higher-displacement,ddqn-higher-0.8922,false,92e5f5b19f9c4104a451279a95c6811a10f88dc3040919563d8b586da88f9388,0.8922310471534729,2,27.5957088470459,0.2805798649787903,0.16,0.16,0.44,100,-0.5,0.0,0.0,0.0
DDQN,higher-displacement,ddqn-higher-0.8924,false,a6476c20a0910ec0f177e65b49cc3b55e0e111161ddd57198f1580614ba6dddf,0.8924110531806946,2,29.084402084350586,0.2721202075481415,0.16,0.16,0.36,100,-0.5,0.0,0.0,0.0
DDQN,higher-displacement,ddqn-higher-0.9005,false,9f06c5d77ed080c5f7a1134e9981aeaf979918e1640e1b3b7cb6446a621f580f,0.900473415851593,2,29.215822219848633,0.22578558325767517,0.14,0.16,0.38,100,-0.5,0.0,0.0,0.0
DDQN,higher-displacement,ddqn-higher-0.9015,false,25d9153b2044609fad4e4eb2242c6bb0a8b04ede509aced34ec6715bbe060014,0.9014697670936584,4,28.470359802246094,0.682750940322876,0.08,0.1,0.28,10,-0.05,0.0,0.0,0.0
DDQN,higher-displacement,ddqn-higher-0.9022,false,584d46fcbaf9cc39637aa6c2eb8612eaf267bf27238d3fb2374036e1175371ee,0.9022321701049805,2,31.061975479125977,0.6331945061683655,0.1,0.14,0.46,30,-0.15,0.012,0.0,0.0
DDQN,higher-displacement,ddqn-higher-0.9061,false,8a0569f1eb3619e8429f5cfec833dce3bf163dcb9843599dd3fcd19af80baa36,0.9061319828033447,2,24.428003311157227,0.33357059955596924,0.14,0.14,0.38,100,-0.5,0.0,0.0,0.0
DDQN,higher-displacement,ddqn-higher-0.9253,true,7c22dcb1d5f437f02ecee7a3e9c6fa2b3671517a8f3e351baac7d222524c6756,0.9252963066101074,4,28.93763542175293,0.2604635953903198,0.02,0.1,0.28,5,-0.025,0.002,0.0,0.0
DDQN,higher-displacement,ddqn-higher-0.9411,false,4993f875b1a080ac2c4e0001e3d3de5edace8f1933a96e9495ccdb94892dca83,0.9411467909812927,4,27.296693801879883,0.30281609296798706,0.06,0.14,0.28,5,-0.025,0.002,0.0,0.0
DDQN,higher-displacement,ddqn-higher-0.9471,false,7ccc0812c29a02677ecb38348e2e4c84b6f4f60f42ad778980b126abbfdfc381,0.947058379650116,2,25.704742431640625,0.30159053206443787,0.16,0.16,0.38,100,-0.5,0.0,0.0,0.0
DDQN,higher-displacement,ddqn-higher-0.9674,false,08fbfc978ac223d4202486c365d97bb085bfd362f622acfa33633c874082f5f9,0.9674239158630371,4,29.152786254882812,0.3256300985813141,0.04,0.12,0.36,10,-0.05,0.004,0.0,0.0
DDQN,higher-displacement,ddqn-higher-0.9796,true,91c567b00d2b2e7e0bc8bec03032da8157cf206a8b0a68e000c7e3f5c20e33e2,0.9795580506324768,2,26.898046493530273,0.21030181646347046,0.12,0.12,0.42,10,-0.05,0.004,0.0,0.0
DDQN,higher-displacement,ddqn-higher-0.9809,false,caff47e2d92c595bae2b3da4d760e51a042533bfa7d79f43d61b79e2ac785de7,0.9809425473213196,4,27.898820877075195,0.21934843063354492,0.1,0.1,0.34,10,-0.05,0.004,0.0,0.0
DDQN,higher-displacement,ddqn-higher-0.9825,false,e8d50f5da3da974fc29b767f92859d9442b2b20a815956021a7b2a1167c5519f,0.9825005531311035,2,29.066064834594727,0.2902233302593231,0.08,0.12,0.29000000000000004,30,-0.15,0.0,0.0,0.0
DDQN,higher-displacement,ddqn-higher-0.9830,false,8ef30025d6806a99a25d2c2e4cbe583a88c00faeb0011912e5cd1f744f7c88fc,0.9829922318458557,3,31.81577491760254,0.21367177367210388,0.14,0.14,0.3,10,-0.05,0.004,0.0,0.0
DDQN,higher-displacement,ddqn-higher-0.9841,false,9a76e0da2f50214253e2aa3517a52b961af265e710af682c9eb4adc8bbefb70a,0.9841437339782715,2,29.729684829711914,0.5211285352706909,0.14,0.14,0.26,30,-0.15,0.012,0.0,0.0
DDQN,higher-displacement,ddqn-higher-0.9868,false,681eaea8744ba61939bf4f23176e504f9cf70760e41e84434ad5c652f494ad57,0.986757218837738,4,27.518539428710938,0.3807900846004486,0.1,0.14,0.3,10,-0.05,0.004,0.0,0.0
DDQN,higher-displacement,ddqn-higher-0.9872,false,feaf0101232aabd9d1e59c6fa5515466a3652dc16651483b93c4c8c756a3d7e0,0.987164318561554,2,27.757251739501953,0.2525118887424469,0.14,0.14,0.27,30,-0.15,0.0,0.0,0.0
DDQN,higher-displacement,ddqn-higher-0.9881,false,48d7fa45c524354f16850f39644ab9b59c788344903cd61efe1b81da0b78c4ce,0.9881053566932678,2,33.450164794921875,0.32386499643325806,0.14,0.16,0.32,30,-0.15,0.012,0.0,0.0
DDQN,higher-displacement,ddqn-higher-0.9890,false,0566f6cfdbeb0ac50afed6854f7fa4b6f92cb23b1b0ddfab94782eca0996ad8d,0.9889707565307617,3,27.36389923095703,0.19621749222278595,0.14,0.14,0.56,30,-0.15,0.0,0.0,0.0
DDQN,higher-displacement,ddqn-higher-0.9891,false,920d34d707a21ec0578f8c3c11a34a58b52d7ef2710ee72f28eb8db1466896e1,0.9891297817230225,3,33.82758712768555,0.2389248013496399,0.1,0.14,0.3,10,-0.05,0.004,0.0,0.0
DDQN,higher-displacement,ddqn-higher-0.9908,false,968d962a10eda1e1ad745af29aa7d97af6cd620b49cc28d21a5047b3ce86e3c6,0.99076908826828,2,27.052392959594727,0.20904073119163513,0.14,0.14,0.28,30,-0.15,0.0,0.0,0.0
DDQN,higher-displacement,ddqn-higher-0.9917,false,59f8cdee0a7c313523fb8fdbcad88fc9ac6c41c3dd1ee0fa796be99151779791,0.9917364716529846,2,31.08441925048828,0.4485340714454651,0.1,0.14,0.27,30,-0.15,0.012,0.0,0.0
DDQN,higher-displacement,ddqn-higher-0.9926,false,ea808b35ecc0c3c94f1508f1c32f9a7bafee2472c48703a0705bc030ba050790,0.9926416277885437,2,26.33148193359375,0.1953214555978775,0.14,0.16,0.36,30,-0.15,0.0,0.0,0.0
DDQN,higher-displacement,ddqn-higher-0.9934,false,4483c14d0d6e1cc7384c113f923d1d982505aa5468bb6c93ff6d01b6bd87ccbf,0.9934024810791016,2,26.98065948486328,0.2094440460205078,0.12,0.14,0.28,30,-0.15,0.0,0.0,0.0
DDQN,higher-displacement,ddqn-higher-0.9937,true,62fcc12a227454d1064de59733653d89a6501d31465e8a841c15024bf479d51c,0.9937374591827393,4,28.82126235961914,0.18050609529018402,0.08,0.14,0.32,10,-0.05,0.004,0.0,0.0
DDQN,higher-displacement,ddqn-higher-0.9943,false,fe4d7076243b70f3e18b95eaada84a694ae76344dbcf14a86332a8b685061dff,0.9942530989646912,2,27.5112361907959,0.1850239336490631,0.12,0.16,0.28,30,-0.15,0.0,0.0,0.0
DDQN,higher-displacement,ddqn-higher-0.9944,false,517d1348a39a186f98d5e2fa533702cb07b791d3c8ab4a48913f526bb4d8dee1,0.9944047927856445,2,27.5040340423584,0.22790654003620148,0.14,0.16,0.28,30,-0.15,0.0,0.0,0.0
DDQN,higher-displacement,ddqn-higher-0.9948,false,f3b89e913a43ba319478eb94fa8bc03fbd93d9511b9510250c3cbd57340be9c4,0.9948405623435974,2,26.35237693786621,0.18566587567329407,0.14,0.16,0.28,30,-0.15,0.0,0.0,0.0
DDQN,higher-displacement,ddqn-higher-0.9950,false,4ed67538ca37f0eac5e669ad2e73781004614f98f549a71cfcb0a39729bff577,0.9949752688407898,2,30.434185028076172,0.3208378851413727,0.14,0.16,0.24,30,-0.15,0.012,0.0,0.0
DDQN,higher-displacement,ddqn-higher-0.9965,false,06ed7269d50f923f606af1617250a8c52c13615f3836afa158832fb648f20f40,0.9965291023254395,2,31.206005096435547,0.3138369917869568,0.14,0.16,0.26,30,-0.15,0.012,0.0,0.0
DDQN,higher-displacement,ddqn-higher-0.9970,false,36041e30a71ab561125ef1797490b1baa60c70af58f3e678bea90be9b8e51475,0.9970462322235107,2,26.919031143188477,0.18950486183166504,0.14,0.16,0.28,30,-0.15,0.0,0.0,0.0
DDQN,higher-displacement,ddqn-higher-0.9971,false,e5bf23e3f0e0e0d3f16f2ad45714ef74aec56cacb303c5e8885352e545293ef0,0.9971234202384949,2,30.992074966430664,0.3366524279117584,0.14,0.16,0.22,30,-0.15,0.012,0.0,0.0
DDQN,higher-displacement,ddqn-higher-0.9976,false,e300c37f00398acd3a25405d217fe3fb062d206203fa838280a2ab3dafcd0c66,0.9975765347480774,2,30.434185028076172,0.3071146309375763,0.14,0.16,0.25,30,-0.15,0.012,0.0,0.0
DDQN,higher-displacement,ddqn-higher-0.9981,false,d73504e455985127d7e7a0e35d324aaf0bb605ebf56fcdecb27298d5db703a81,0.9980874061584473,2,30.434185028076172,0.30479761958122253,0.14,0.16,0.26,30,-0.15,0.012,0.0,0.0
DDQN,higher-displacement,ddqn-higher-0.9991,false,591ee55097bf02d4941afe19326e430c088b329357e82f2a8a38efd62ae113bf,0.9991164803504944,2,30.434185028076172,0.32571253180503845,0.14,0.16,0.25,30,-0.15,0.012,0.0,0.0
DDQN,higher-displacement,ddqn-higher-1.0025,true,c9b802982800c650ffa59e6fe4d716818617dec52d82f8c816bc6c8a307c8b5e,1.0024821758270264,2,30.434185028076172,0.29585015773773193,0.14,0.16,0.26,30,-0.15,0.012,0.0,0.0
PPO,target-band,ppo-moderate-0.6173,true,5cea1b9da357f74a248a35d687f036528c3803ad72e95efdf1104d6a5ea71fcc,0.6172518730163574,2,28.490589141845703,0.4418989419937134,0.04,0.06,0.5,10,-0.05,0.004,0.0,0.0
PPO,target-band,ppo-moderate-0.6234,true,d093d14ef2dc087e109bb797096d82035418501572ce4a6acb2e3a9620f03a36,0.6234391331672668,4,34.009918212890625,0.2428206205368042,0.02,0.04,0.29000000000000004,10,-0.05,0.004,0.0,0.0
PPO,target-band,ppo-moderate-0.6285,false,8112d15b6081b143d101756e7c08590179e8168c3a29ba80aa00e7d6c573c27c,0.6284629702568054,4,36.985679626464844,0.5174830555915833,0.02,0.02,0.32,10,-0.05,0.0,0.0,0.0
PPO,target-band,ppo-moderate-0.6377,false,3ba396ec22e7436532913cf64dd00399ac736875d7a651d7c92d212069750865,0.6376662850379944,4,59.348453521728516,0.2554704248905182,0.02,0.06,0.34,100,-0.5,0.04,0.0,0.0
PPO,target-band,ppo-moderate-0.6459,true,9c0ac2fee1f3a90f5a729ab102faec3e9fd2dd306fad26f483cd6a5e344f5812,0.645851731300354,4,27.72431182861328,0.2164333313703537,0.02,0.02,0.38,5,-0.025,0.0,0.0,0.0
PPO,target-band,ppo-moderate-0.6550,true,f826eff28d7a2bda9e4d6e508860961ea49cb6a8a72a6c8b91e2d7dc78236255,0.655011773109436,2,27.4531307220459,0.453177809715271,0.16,0.18,0.52,5,-0.025,0.002,0.0,0.0
PPO,target-band,ppo-moderate-0.6675,false,3cb28a5cdb3cc02b84f5297121eb2b4de2b59ba7131f71ad26148622956a59cd,0.6675413250923157,4,32.68724060058594,0.9067509770393372,0.02,0.02,0.44,5,-0.025,0.002,0.0,0.0
PPO,target-band,ppo-moderate-0.6760,false,47dada936fd601002b9be701772b540842199abf4de6f89d9e5fa25c9bfea49e,0.676049530506134,2,30.186792373657227,0.3383805751800537,0.04,0.06,0.48,5,-0.025,0.002,0.0,0.0
PPO,target-band,ppo-moderate-0.6776,false,3b8e056b67de6a2107d81d3037750db34852c080937999cc682b3daf1ea9c3e3,0.6775875091552734,4,27.525733947753906,0.20277968049049377,0.02,0.02,0.36,5,-0.025,0.0,0.0,0.0
PPO,target-band,ppo-moderate-0.6778,true,ecbfe163446b63b21ce505f3d880ea123924c8c200e9c59ec72e9f649b5b44c9,0.6778306365013123,3,32.692840576171875,0.386884480714798,0.12,0.14,0.48,30,-0.15,0.012,0.0,0.0
PPO,target-band,ppo-moderate-0.6935,true,0811c8f8ad593f4cdf59c14b2818631083e7d36c4311135ecce312f9bc18d2fa,0.6935100555419922,2,36.6642951965332,0.2551132142543793,0.1,0.12,0.5,30,-0.15,0.0,0.0,0.0
PPO,target-band,ppo-moderate-0.7115,true,4013d640cfd274b79f00117bea5bfd5979b888140961317ec9fe83405d3d133c,0.7114558815956116,4,31.002798080444336,0.24397192895412445,0.02,0.02,0.46,10,-0.05,0.0,0.0,0.0
PPO,target-band,ppo-moderate-0.7145,false,80c41da93513da800e9d24f8646b2ca791a9f9ef77c369b9555ec82d3f564beb,0.7144773602485657,4,35.34697341918945,0.5882322788238525,0.06,0.12,0.48,30,-0.15,0.0,0.0,0.0
PPO,target-band,ppo-moderate-0.7213,false,51a79a1e66cdcb8c248f4ed7c65d6a61e59f2c49023afa4439eda154260c564c,0.7212638258934021,4,31.98447608947754,0.3905417025089264,0.02,0.02,0.48,10,-0.05,0.0,0.0,0.0
PPO,target-band,ppo-moderate-0.7259,false,6edea37279d69ead5660a164581d1190efa35f1a7d43b001ab7014b812ba3976,0.7258502840995789,2,33.5121955871582,0.7167866230010986,0.02,0.06,0.5,5,-0.025,0.002,0.0,0.0
PPO,target-band,ppo-moderate-0.7299,false,ddb86c867ca4dca40f268526e804add2da34de0b1e518732bba56f89881a98e0,0.7299034595489502,2,29.501853942871094,0.3019576668739319,0.02,0.02,0.48,10,-0.05,0.004,0.0,0.0
PPO,target-band,ppo-moderate-0.7428,false,9500dc5f2362a55160a86334cbe6e1beeed55413befdb6069becf398d770150c,0.7428354620933533,2,42.20976638793945,0.35609129071235657,0.08,0.14,0.4,100,-0.5,0.04,0.0,0.0
PPO,target-band,ppo-moderate-0.7452,false,041ca723644d1a9f451694975a5450f9b68be809c81a91ad5de120a7a9a6c553,0.7451761364936829,3,32.734283447265625,0.2135208249092102,0.06,0.14,0.44,5,-0.025,0.002,0.0,0.0
PPO,target-band,ppo-moderate-0.7519,true,55e811d6204b78d6ce560285169e638a96373fdff0b4d7a53dd866c504b021d9,0.7518666386604309,4,29.74260139465332,0.2577100694179535,0.08,0.12,0.44,10,-0.05,0.004,0.0,0.0
Masked PPO,target-band,masked-ppo-moderate-0.6018,true,5dd4368f554971b5e17d3efb618c0e05b69b7c6fd98a92911ec0f4f1de00ac5d,0.6018054485321045,4,31.61249542236328,0.2742880880832672,0.02,0.06,0.42,5,-0.025,0.002,0.0,0.0
Masked PPO,target-band,masked-ppo-moderate-0.6039,false,64750707f39aa10d7e1969be924745896feef3dabc9d0ce1336959a7edf21441,0.6038938164710999,4,36.227203369140625,0.8601863384246826,0.02,0.08,0.48,10,-0.05,0.0,0.0,0.0
Masked PPO,target-band,masked-ppo-moderate-0.6062,true,7327b4376ad71874ab9f041e577144e88abf59cd431977abb0ba46461375c554,0.6061977744102478,3,37.82640838623047,0.5589181780815125,0.1,0.28,0.48,5,-0.025,0.002,0.0,0.0
Masked PPO,target-band,masked-ppo-moderate-0.6064,false,58bfaec45864d07b885f5c1e5de7029119a948cbbae5271f1ae490ffe1131461,0.6064202189445496,4,29.46686553955078,0.9715941548347473,0.02,0.02,0.36,10,-0.05,0.004,0.0,0.0
Masked PPO,target-band,masked-ppo-moderate-0.6081,true,4e1f34e5daf8b11d92194cffd76e158ddab72654a51836808023f2a50991a7a9,0.6081119179725647,2,30.634443283081055,0.2664598822593689,0.02,0.1,0.5,30,-0.15,0.012,0.0,0.0
Masked PPO,target-band,masked-ppo-moderate-0.6108,false,2f1c4444a8f893a240cac96ee66671c343ac5d415fe42f1ff13d8e1c7e40cb98,0.6108271479606628,4,36.51490783691406,0.44549259543418884,0.06,0.06,0.46,10,-0.05,0.004,0.0,0.0
Masked PPO,target-band,masked-ppo-moderate-0.6143,false,614a812524d539797168cd600d48db4520b839471fc63b05cbea1d4e1deda207,0.6142956614494324,4,34.075130462646484,0.43516188859939575,0.02,0.06,0.42,5,-0.025,0.002,0.0,0.0
Masked PPO,target-band,masked-ppo-moderate-0.6327,true,994f7e16ded3d43210fe96c7bc7d7b0d5eda78e764d294d9af59e64dd3b33bf8,0.6327484250068665,2,27.652515411376953,0.32986676692962646,0.04,0.04,0.5,10,-0.05,0.0,0.0,0.0
Masked PPO,target-band,masked-ppo-moderate-0.6335,false,0adbf7b39f75b0538f5ffa06ca693461c9c632062564e0ee34acd3f3bfb6e0cd,0.6334729790687561,2,31.907711029052734,0.265837162733078,0.04,0.36,0.5,10,-0.05,0.0,0.0,0.0
Masked PPO,target-band,masked-ppo-moderate-0.6385,false,6b2fd7824551d80bb10f68914922db5ac876a47c754ec57733c1299146fcf065,0.6384813785552979,3,28.67207145690918,0.4639380872249603,0.06,0.22,0.48,10,-0.05,0.004,0.0,0.0
Masked PPO,target-band,masked-ppo-moderate-0.6392,false,a3d25c7a2480bc1a4f612f26af6e77de7a5cb0d18b31bad28ab3f8c022d66076,0.6391808986663818,4,28.828933715820312,0.41930609941482544,0.02,0.04,0.28,5,-0.025,0.002,0.0,0.0
Masked PPO,target-band,masked-ppo-moderate-0.6495,true,8b678ef26bf704488f46c45df4a7086903b42326fc516a48b83ccd27899230ac,0.6494620442390442,4,29.504995346069336,0.19395004212856293,0.02,0.02,0.42,5,-0.025,0.0,0.0,0.0
Masked PPO,target-band,masked-ppo-moderate-0.6497,true,5a475d28a27d2d859bb48105731ce7b1539184383d4e3b313e9cca46e924c0f9,0.649691641330719,2,32.82724380493164,0.3822286128997803,0.28,0.3,0.54,10,-0.05,0.0,0.0,0.0
Masked PPO,target-band,masked-ppo-moderate-0.6579,false,a7132fa909b8501584f26cdf6edd6109014a54089d966b436b8313be75e692cd,0.6579409241676331,4,29.788877487182617,0.7300549745559692,0.04,0.08,0.46,5,-0.025,0.002,0.0,0.0
Masked PPO,target-band,masked-ppo-moderate-0.6600,false,d0cb6adfe422626500e633f2612e98dfb810a6492017ef4043328e5ac5c85d88,0.6600448489189148,3,30.241901397705078,0.4171852171421051,0.02,0.02,0.5,10,-0.05,0.0,0.0,0.0
Masked PPO,target-band,masked-ppo-moderate-0.6670,false,fc441df75984f9ffa4280a8ee5109c237acdc8d5fef0dcf884b2388c81e0a904,0.666968822479248,2,27.673383712768555,0.3252003490924835,0.02,0.34,0.5,10,-0.05,0.0,0.0,0.0
Masked PPO,target-band,masked-ppo-moderate-0.6728,true,a8dd24b0c180417bc1a2aaf16e04f31d3b1c2d94779a17e0891400dfa8d71161,0.6728296279907227,3,28.970306396484375,0.2729742228984833,0.06,0.08,0.48,30,-0.15,0.0,0.0,0.0
Masked PPO,target-band,masked-ppo-moderate-0.6774,false,1b9bef7980bcad65499ed2edb68e8b09a14c992bae8039b6c0aeeadeef32956a,0.6773647665977478,4,36.875648498535156,0.37395188212394714,0.08,0.12,0.42,30,-0.15,0.012,0.0,0.0
Masked PPO,target-band,masked-ppo-moderate-0.6816,true,670317368919eb3bf0f3f7ccd0412fd9011d3085286db8d1a10eaef43e74c830,0.6816278100013733,4,26.908674240112305,0.24343998730182648,0.02,0.02,0.41000000000000003,10,-0.05,0.0,0.0,0.0
SAC-D 1-step,target-band,sac-discrete-one-step-moderate-0.6101,true,b838514ea736d5c0cb9023aa8ee69af4f7fe77a7181ade63581103e2b2b3b0e1,0.6100890636444092,2,34.47462844848633,0.637710690498352,0.42,0.42,0.5,10,-0.05,0.004,0.0,0.0
SAC-D 1-step,target-band,sac-discrete-one-step-moderate-0.6356,true,8f09a6059e3b380d57b20dcfe8398faf5e72f0789ba2695855b4cbc13e9c27cb,0.6355873346328735,2,34.42356491088867,0.8307827115058899,0.26,0.34,0.52,5,-0.025,0.0,0.0,0.0
SAC-D 1-step,target-band,sac-discrete-one-step-moderate-0.7744,true,47daf58b2c2fdb4ab1f77295be060632d81baae53da15c7af8d3df209c2a45c5,0.7743656635284424,2,28.143293380737305,0.8229434490203857,0.26,0.3,0.48,10,-0.05,0.0,0.0,0.0
