collection,candidate_id,algorithm,group,bl_per_cycle,max_switches,yaw_deg,lateral_drift_bl,dwell_min_s,dwell_median_s,original_weight,added_cost,fall_fraction,torso_contact_fraction,github_candidate_url,video_file_url,checkpoint_sha256,video_sha256,duration_s,frame_rate,playback_speed,path
github-policy-videos,dqn-moderate-0.6716,DQN,target-band,0.67159503698349,2,84.74186706542969,1.0314232110977173,0.24,0.5,-0.15,0.012,0.0,0.0,https://github.com/psu-LiBR/IsaacLab-LiBRHexapod/tree/robin/binary-rl-extended-quadruped/switch-penalty-5x-to-100x/candidates/dqn-family/dqn/target-band/original-plus-added-switch/original-30x__added-30x__forward-0.6716-body-lengths,https://pennstateoffice365-my.sharepoint.com/personal/bqc5667_psu_edu/_layouts/15/stream.aspx?id=%2Fpersonal%2Fbqc5667_psu_edu%2FDocuments%2FLIBR%2FExperiments%2FHexapod%2FVideos%2FRL_Robin%2FRL_Binary%2Fgithub-policy-videos%2Fdisplacement-0.6-to-0.8%2Fdqn-family%2Fdqn%2Foriginal-plus-added-switch%2Foriginal-30x__added-30x__forward-0.6716-body-lengths%2Fdqn-moderate-0.6716.mp4,9a65bacf90263bf04a93d739188fc2b3d5819b1cef8c3f80e1f53994f9948286,aaebb94de19a12b4c3c131a32f11a00af3ef855e3d808b4f3b0915df029b5ce4,6.02,50/1,1,github-policy-videos/displacement-0.6-to-0.8/dqn-family/dqn/original-plus-added-switch/original-30x__added-30x__forward-0.6716-body-lengths/dqn-moderate-0.6716.mp4
github-policy-videos,dqn-moderate-0.6839,DQN,target-band,0.6839187145233154,3,33.012508392333984,0.4583650529384613,0.2,0.5,-0.05,0.0,0.0,0.0,https://github.com/psu-LiBR/IsaacLab-LiBRHexapod/tree/robin/binary-rl-extended-quadruped/switch-penalty-5x-to-100x/candidates/dqn-family/dqn/target-band/original-only/original-10x__added-off__forward-0.6839-body-lengths,https://pennstateoffice365-my.sharepoint.com/personal/bqc5667_psu_edu/_layouts/15/stream.aspx?id=%2Fpersonal%2Fbqc5667_psu_edu%2FDocuments%2FLIBR%2FExperiments%2FHexapod%2FVideos%2FRL_Robin%2FRL_Binary%2Fgithub-policy-videos%2Fdisplacement-0.6-to-0.8%2Fdqn-family%2Fdqn%2Foriginal-only%2Foriginal-10x__added-off__forward-0.6839-body-lengths%2Fdqn-moderate-0.6839.mp4,6bdd94dbcf227cf2bb6feb3cbe4eec1c3c248a618ad93e7263160cab4d414e47,7d783fbf2636b2c4a5c1b485e9c07404d5f001014533bf2f33650fa068f94937,6.02,50/1,1,github-policy-videos/displacement-0.6-to-0.8/dqn-family/dqn/original-only/original-10x__added-off__forward-0.6839-body-lengths/dqn-moderate-0.6839.mp4
github-policy-videos,dqn-moderate-0.7580,DQN,target-band,0.7579604983329773,4,29.838329315185547,0.42734161019325256,0.1,0.48,-0.15,0.0,0.0,0.0,https://github.com/psu-LiBR/IsaacLab-LiBRHexapod/tree/robin/binary-rl-extended-quadruped/switch-penalty-5x-to-100x/candidates/dqn-family/dqn/target-band/original-only/original-30x__added-off__forward-0.7580-body-lengths,https://pennstateoffice365-my.sharepoint.com/personal/bqc5667_psu_edu/_layouts/15/stream.aspx?id=%2Fpersonal%2Fbqc5667_psu_edu%2FDocuments%2FLIBR%2FExperiments%2FHexapod%2FVideos%2FRL_Robin%2FRL_Binary%2Fgithub-policy-videos%2Fdisplacement-0.6-to-0.8%2Fdqn-family%2Fdqn%2Foriginal-only%2Foriginal-30x__added-off__forward-0.7580-body-lengths%2Fdqn-moderate-0.7580.mp4,09578d9aa07f0e54d0b256151fe41079d16a0dcb9afe5f7c0dc4c54ab3240583,a0f0edb8eb571bd5a6ce84e7f1fb5bdff43b983f416a31508fca5576faec8eff,6.02,50/1,1,github-policy-videos/displacement-0.6-to-0.8/dqn-family/dqn/original-only/original-30x__added-off__forward-0.7580-body-lengths/dqn-moderate-0.7580.mp4
github-policy-videos,dqn-moderate-0.7650,DQN,target-band,0.7649886608123779,4,31.92962646484375,0.28766801953315735,0.12,0.42,-0.05,0.0,0.0,0.0,https://github.com/psu-LiBR/IsaacLab-LiBRHexapod/tree/robin/binary-rl-extended-quadruped/switch-penalty-5x-to-100x/candidates/dqn-family/dqn/target-band/original-only/original-10x__added-off__forward-0.7650-body-lengths,https://pennstateoffice365-my.sharepoint.com/personal/bqc5667_psu_edu/_layouts/15/stream.aspx?id=%2Fpersonal%2Fbqc5667_psu_edu%2FDocuments%2FLIBR%2FExperiments%2FHexapod%2FVideos%2FRL_Robin%2FRL_Binary%2Fgithub-policy-videos%2Fdisplacement-0.6-to-0.8%2Fdqn-family%2Fdqn%2Foriginal-only%2Foriginal-10x__added-off__forward-0.7650-body-lengths%2Fdqn-moderate-0.7650.mp4,84ef386698db94ba87aebd9ee9eb63f4a4d353b9bbe7c3ccf9590f5386d0d531,69ae9f2901c4d78726a53d0237bc7b417217191042501e39c9960efb18b709ef,6.02,50/1,1,github-policy-videos/displacement-0.6-to-0.8/dqn-family/dqn/original-only/original-10x__added-off__forward-0.7650-body-lengths/dqn-moderate-0.7650.mp4
github-policy-videos,dqn-moderate-0.7656,DQN,target-band,0.7656033039093018,2,35.13816452026367,0.5443880558013916,0.34,0.44,-0.5,0.04,0.0,0.0,https://github.com/psu-LiBR/IsaacLab-LiBRHexapod/tree/robin/binary-rl-extended-quadruped/switch-penalty-5x-to-100x/candidates/dqn-family/dqn/target-band/original-plus-added-switch/original-100x__added-100x__forward-0.7656-body-lengths,https://pennstateoffice365-my.sharepoint.com/personal/bqc5667_psu_edu/_layouts/15/stream.aspx?id=%2Fpersonal%2Fbqc5667_psu_edu%2FDocuments%2FLIBR%2FExperiments%2FHexapod%2FVideos%2FRL_Robin%2FRL_Binary%2Fgithub-policy-videos%2Fdisplacement-0.6-to-0.8%2Fdqn-family%2Fdqn%2Foriginal-plus-added-switch%2Foriginal-100x__added-100x__forward-0.7656-body-lengths%2Fdqn-moderate-0.7656.mp4,17eeafab352368e2996f463f5e3acc2f0b61b5266de3837a366f9a8d7d1e763a,b9a9159a416073ee0a2ae6bc2aa46fb036bc7ef2727437bd46b01e5876b5233a,6.02,50/1,1,github-policy-videos/displacement-0.6-to-0.8/dqn-family/dqn/original-plus-added-switch/original-100x__added-100x__forward-0.7656-body-lengths/dqn-moderate-0.7656.mp4
github-policy-videos,dqn-moderate-0.7959,DQN,target-band,0.795917272567749,2,33.548133850097656,0.5588266849517822,0.36,0.46,-0.5,0.04,0.0,0.0,https://github.com/psu-LiBR/IsaacLab-LiBRHexapod/tree/robin/binary-rl-extended-quadruped/switch-penalty-5x-to-100x/candidates/dqn-family/dqn/target-band/original-plus-added-switch/original-100x__added-100x__forward-0.7959-body-lengths,https://pennstateoffice365-my.sharepoint.com/personal/bqc5667_psu_edu/_layouts/15/stream.aspx?id=%2Fpersonal%2Fbqc5667_psu_edu%2FDocuments%2FLIBR%2FExperiments%2FHexapod%2FVideos%2FRL_Robin%2FRL_Binary%2Fgithub-policy-videos%2Fdisplacement-0.6-to-0.8%2Fdqn-family%2Fdqn%2Foriginal-plus-added-switch%2Foriginal-100x__added-100x__forward-0.7959-body-lengths%2Fdqn-moderate-0.7959.mp4,f2d1e30871849fe9f29012defd8be6ceb8f0d459e1417db6d60bebd2efc40f5d,25db40d59105e8f3998558478b2ab9b1554e0faabe8cbd466203ecc921a522a3,6.02,50/1,1,github-policy-videos/displacement-0.6-to-0.8/dqn-family/dqn/original-plus-added-switch/original-100x__added-100x__forward-0.7959-body-lengths/dqn-moderate-0.7959.mp4
github-policy-videos,dqn-moderate-0.7986,DQN,target-band,0.7985751628875732,3,37.40424346923828,0.32025158405303955,0.14,0.48,-0.15,0.012,0.0,0.0,https://github.com/psu-LiBR/IsaacLab-LiBRHexapod/tree/robin/binary-rl-extended-quadruped/switch-penalty-5x-to-100x/candidates/dqn-family/dqn/target-band/original-plus-added-switch/original-30x__added-30x__forward-0.7986-body-lengths,https://pennstateoffice365-my.sharepoint.com/personal/bqc5667_psu_edu/_layouts/15/stream.aspx?id=%2Fpersonal%2Fbqc5667_psu_edu%2FDocuments%2FLIBR%2FExperiments%2FHexapod%2FVideos%2FRL_Robin%2FRL_Binary%2Fgithub-policy-videos%2Fdisplacement-0.6-to-0.8%2Fdqn-family%2Fdqn%2Foriginal-plus-added-switch%2Foriginal-30x__added-30x__forward-0.7986-body-lengths%2Fdqn-moderate-0.7986.mp4,8448100bfa9e0e3527f5b32ebf815cbe7847f163240164b559b3b004a360af86,5ed3cc90825755080d93d6e8dd55343a6c55c8515bc4dc582cbbc3b0cac7276d,6.02,50/1,1,github-policy-videos/displacement-0.6-to-0.8/dqn-family/dqn/original-plus-added-switch/original-30x__added-30x__forward-0.7986-body-lengths/dqn-moderate-0.7986.mp4
github-policy-videos,ddqn-moderate-0.6582,DDQN,target-band,0.6582048535346985,3,43.91682052612305,0.6197111010551453,0.16,0.5,-0.5,0.04,0.0,0.0,https://github.com/psu-LiBR/IsaacLab-LiBRHexapod/tree/robin/binary-rl-extended-quadruped/switch-penalty-5x-to-100x/candidates/dqn-family/ddqn/target-band/original-plus-added-switch/original-100x__added-100x__forward-0.6582-body-lengths,https://pennstateoffice365-my.sharepoint.com/personal/bqc5667_psu_edu/_layouts/15/stream.aspx?id=%2Fpersonal%2Fbqc5667_psu_edu%2FDocuments%2FLIBR%2FExperiments%2FHexapod%2FVideos%2FRL_Robin%2FRL_Binary%2Fgithub-policy-videos%2Fdisplacement-0.6-to-0.8%2Fdqn-family%2Fddqn%2Foriginal-plus-added-switch%2Foriginal-100x__added-100x__forward-0.6582-body-lengths%2Fddqn-moderate-0.6582.mp4,f97a5126d8ffcaceb9788450abdf40d157bb391c7250a775873e4ab88c67dc3d,2a404b46db8d77dc47100a17291a3af6498be195cfcc01aa5094a71e807190fd,6.02,50/1,1,github-policy-videos/displacement-0.6-to-0.8/dqn-family/ddqn/original-plus-added-switch/original-100x__added-100x__forward-0.6582-body-lengths/ddqn-moderate-0.6582.mp4
github-policy-videos,ddqn-moderate-0.7440,DDQN,target-band,0.7440200448036194,3,37.952430725097656,0.38156184554100037,0.14,0.47,-0.5,0.0,0.0,0.0,https://github.com/psu-LiBR/IsaacLab-LiBRHexapod/tree/robin/binary-rl-extended-quadruped/switch-penalty-5x-to-100x/candidates/dqn-family/ddqn/target-band/original-only/original-100x__added-off__forward-0.7440-body-lengths,https://pennstateoffice365-my.sharepoint.com/personal/bqc5667_psu_edu/_layouts/15/stream.aspx?id=%2Fpersonal%2Fbqc5667_psu_edu%2FDocuments%2FLIBR%2FExperiments%2FHexapod%2FVideos%2FRL_Robin%2FRL_Binary%2Fgithub-policy-videos%2Fdisplacement-0.6-to-0.8%2Fdqn-family%2Fddqn%2Foriginal-only%2Foriginal-100x__added-off__forward-0.7440-body-lengths%2Fddqn-moderate-0.7440.mp4,4a54d464bfcedb129e9a3afbb298cc89ff6df4b0f667b5a1cab266c404171eff,ab9549c9808a230908c2141ccab334ef1bf4cd449051bf3c06763df71ce82d38,6.02,50/1,1,github-policy-videos/displacement-0.6-to-0.8/dqn-family/ddqn/original-only/original-100x__added-off__forward-0.7440-body-lengths/ddqn-moderate-0.7440.mp4
github-policy-videos,ddqn-moderate-0.7520,DDQN,target-band,0.752018392086029,2,44.74992752075195,0.4075344502925873,0.16,0.47,-0.15,0.012,0.0,0.0,https://github.com/psu-LiBR/IsaacLab-LiBRHexapod/tree/robin/binary-rl-extended-quadruped/switch-penalty-5x-to-100x/candidates/dqn-family/ddqn/target-band/original-plus-added-switch/original-30x__added-30x__forward-0.7520-body-lengths,https://pennstateoffice365-my.sharepoint.com/personal/bqc5667_psu_edu/_layouts/15/stream.aspx?id=%2Fpersonal%2Fbqc5667_psu_edu%2FDocuments%2FLIBR%2FExperiments%2FHexapod%2FVideos%2FRL_Robin%2FRL_Binary%2Fgithub-policy-videos%2Fdisplacement-0.6-to-0.8%2Fdqn-family%2Fddqn%2Foriginal-plus-added-switch%2Foriginal-30x__added-30x__forward-0.7520-body-lengths%2Fddqn-moderate-0.7520.mp4,1851a4d5dde15f2f5b7452536914b91c90de8c72e182ec5a4f596bdb2316d38a,b8d409b87bb39c821761530b7cade1cf35930da7ae669c51f37a26f117d872c9,6.02,50/1,1,github-policy-videos/displacement-0.6-to-0.8/dqn-family/ddqn/original-plus-added-switch/original-30x__added-30x__forward-0.7520-body-lengths/ddqn-moderate-0.7520.mp4
github-policy-videos,ddqn-moderate-0.7746,DDQN,target-band,0.774627149105072,3,34.00592803955078,0.3367311954498291,0.22,0.5,-0.05,0.004,0.0,0.0,https://github.com/psu-LiBR/IsaacLab-LiBRHexapod/tree/robin/binary-rl-extended-quadruped/switch-penalty-5x-to-100x/candidates/dqn-family/ddqn/target-band/original-plus-added-switch/original-10x__added-10x__forward-0.7746-body-lengths,https://pennstateoffice365-my.sharepoint.com/personal/bqc5667_psu_edu/_layouts/15/stream.aspx?id=%2Fpersonal%2Fbqc5667_psu_edu%2FDocuments%2FLIBR%2FExperiments%2FHexapod%2FVideos%2FRL_Robin%2FRL_Binary%2Fgithub-policy-videos%2Fdisplacement-0.6-to-0.8%2Fdqn-family%2Fddqn%2Foriginal-plus-added-switch%2Foriginal-10x__added-10x__forward-0.7746-body-lengths%2Fddqn-moderate-0.7746.mp4,492f31dbf7923903a08012266bc7ce9f194614cff883125d9a2ca3d954a90ec3,f01ceb146276a967b81c924018ade72b4ce23931309be2fe0a82aff40404325d,6.02,50/1,1,github-policy-videos/displacement-0.6-to-0.8/dqn-family/ddqn/original-plus-added-switch/original-10x__added-10x__forward-0.7746-body-lengths/ddqn-moderate-0.7746.mp4
github-policy-videos,ddqn-moderate-0.7786,DDQN,target-band,0.7785884737968445,2,33.548133850097656,0.3364008963108063,0.4,0.46,-0.5,0.04,0.0,0.0,https://github.com/psu-LiBR/IsaacLab-LiBRHexapod/tree/robin/binary-rl-extended-quadruped/switch-penalty-5x-to-100x/candidates/dqn-family/ddqn/target-band/original-plus-added-switch/original-100x__added-100x__forward-0.7786-body-lengths,https://pennstateoffice365-my.sharepoint.com/personal/bqc5667_psu_edu/_layouts/15/stream.aspx?id=%2Fpersonal%2Fbqc5667_psu_edu%2FDocuments%2FLIBR%2FExperiments%2FHexapod%2FVideos%2FRL_Robin%2FRL_Binary%2Fgithub-policy-videos%2Fdisplacement-0.6-to-0.8%2Fdqn-family%2Fddqn%2Foriginal-plus-added-switch%2Foriginal-100x__added-100x__forward-0.7786-body-lengths%2Fddqn-moderate-0.7786.mp4,0fc2484eb0ca3b267f5b37353f5fa97ac2c3cb78c59b696f68e83e840d97de0d,a8de03313947c74baa6577c24784034ca16b78d374fa3bec59d121127cde1274,6.02,50/1,1,github-policy-videos/displacement-0.6-to-0.8/dqn-family/ddqn/original-plus-added-switch/original-100x__added-100x__forward-0.7786-body-lengths/ddqn-moderate-0.7786.mp4
github-policy-videos,ddqn-moderate-0.7884,DDQN,target-band,0.7884289622306824,4,37.73752212524414,0.23450586199760437,0.06,0.24,-0.05,0.004,0.0,0.0,https://github.com/psu-LiBR/IsaacLab-LiBRHexapod/tree/robin/binary-rl-extended-quadruped/switch-penalty-5x-to-100x/candidates/dqn-family/ddqn/target-band/original-plus-added-switch/original-10x__added-10x__forward-0.7884-body-lengths,https://pennstateoffice365-my.sharepoint.com/personal/bqc5667_psu_edu/_layouts/15/stream.aspx?id=%2Fpersonal%2Fbqc5667_psu_edu%2FDocuments%2FLIBR%2FExperiments%2FHexapod%2FVideos%2FRL_Robin%2FRL_Binary%2Fgithub-policy-videos%2Fdisplacement-0.6-to-0.8%2Fdqn-family%2Fddqn%2Foriginal-plus-added-switch%2Foriginal-10x__added-10x__forward-0.7884-body-lengths%2Fddqn-moderate-0.7884.mp4,afa17d4efbdc1797a04c93a5a8bbdeb31aa405fd8c62b2ee59c8e17d46dc726b,d72f3378454ab3cd1ed54ff12eae9589f8676e373fee4c255294b3992a2e4965,6.02,50/1,1,github-policy-videos/displacement-0.6-to-0.8/dqn-family/ddqn/original-plus-added-switch/original-10x__added-10x__forward-0.7884-body-lengths/ddqn-moderate-0.7884.mp4
github-policy-videos,ddqn-moderate-0.7998,DDQN,target-band,0.7998262047767639,2,28.965953826904297,0.33623236417770386,0.34,0.44,-0.5,0.04,0.0,0.0,https://github.com/psu-LiBR/IsaacLab-LiBRHexapod/tree/robin/binary-rl-extended-quadruped/switch-penalty-5x-to-100x/candidates/dqn-family/ddqn/target-band/original-plus-added-switch/original-100x__added-100x__forward-0.7998-body-lengths,https://pennstateoffice365-my.sharepoint.com/personal/bqc5667_psu_edu/_layouts/15/stream.aspx?id=%2Fpersonal%2Fbqc5667_psu_edu%2FDocuments%2FLIBR%2FExperiments%2FHexapod%2FVideos%2FRL_Robin%2FRL_Binary%2Fgithub-policy-videos%2Fdisplacement-0.6-to-0.8%2Fdqn-family%2Fddqn%2Foriginal-plus-added-switch%2Foriginal-100x__added-100x__forward-0.7998-body-lengths%2Fddqn-moderate-0.7998.mp4,8f287ab7eb7eeab4c052c3ee0050dad0428ca31b3b92bf32f668de57d9ad06b4,cbb2e43de8e17d0737ad3f9c3b4c7cd85b6fbfb65af04a77dc8991415f9fa314,6.02,50/1,1,github-policy-videos/displacement-0.6-to-0.8/dqn-family/ddqn/original-plus-added-switch/original-100x__added-100x__forward-0.7998-body-lengths/ddqn-moderate-0.7998.mp4
github-policy-videos,ppo-moderate-0.6173,PPO,target-band,0.6172518730163574,2,28.490589141845703,0.4418989419937134,0.04,0.5,-0.05,0.004,0.0,0.0,https://github.com/psu-LiBR/IsaacLab-LiBRHexapod/tree/robin/binary-rl-extended-quadruped/switch-penalty-5x-to-100x/candidates/ppo-family/ppo/target-band/original-plus-added-switch/original-10x__added-10x__forward-0.6173-body-lengths,https://pennstateoffice365-my.sharepoint.com/personal/bqc5667_psu_edu/_layouts/15/stream.aspx?id=%2Fpersonal%2Fbqc5667_psu_edu%2FDocuments%2FLIBR%2FExperiments%2FHexapod%2FVideos%2FRL_Robin%2FRL_Binary%2Fgithub-policy-videos%2Fdisplacement-0.6-to-0.8%2Fppo-family%2Fppo%2Foriginal-plus-added-switch%2Foriginal-10x__added-10x__forward-0.6173-body-lengths%2Fppo-moderate-0.6173.mp4,5cea1b9da357f74a248a35d687f036528c3803ad72e95efdf1104d6a5ea71fcc,fb1b754b0707e2986b38b640c6108bfa2f73bc2e29e931c9dc277e05eef0460c,6.02,50/1,1,github-policy-videos/displacement-0.6-to-0.8/ppo-family/ppo/original-plus-added-switch/original-10x__added-10x__forward-0.6173-body-lengths/ppo-moderate-0.6173.mp4
github-policy-videos,ppo-moderate-0.6234,PPO,target-band,0.6234391331672668,4,34.009918212890625,0.2428206205368042,0.02,0.29000000000000004,-0.05,0.004,0.0,0.0,https://github.com/psu-LiBR/IsaacLab-LiBRHexapod/tree/robin/binary-rl-extended-quadruped/switch-penalty-5x-to-100x/candidates/ppo-family/ppo/target-band/original-plus-added-switch/original-10x__added-10x__forward-0.6234-body-lengths,https://pennstateoffice365-my.sharepoint.com/personal/bqc5667_psu_edu/_layouts/15/stream.aspx?id=%2Fpersonal%2Fbqc5667_psu_edu%2FDocuments%2FLIBR%2FExperiments%2FHexapod%2FVideos%2FRL_Robin%2FRL_Binary%2Fgithub-policy-videos%2Fdisplacement-0.6-to-0.8%2Fppo-family%2Fppo%2Foriginal-plus-added-switch%2Foriginal-10x__added-10x__forward-0.6234-body-lengths%2Fppo-moderate-0.6234.mp4,d093d14ef2dc087e109bb797096d82035418501572ce4a6acb2e3a9620f03a36,6c6afaeb8f94309ae886815952239756a7eb344e745b68b867eca2892fdca6b6,6.02,50/1,1,github-policy-videos/displacement-0.6-to-0.8/ppo-family/ppo/original-plus-added-switch/original-10x__added-10x__forward-0.6234-body-lengths/ppo-moderate-0.6234.mp4
github-policy-videos,ppo-moderate-0.6459,PPO,target-band,0.645851731300354,4,27.72431182861328,0.2164333313703537,0.02,0.38,-0.025,0.0,0.0,0.0,https://github.com/psu-LiBR/IsaacLab-LiBRHexapod/tree/robin/binary-rl-extended-quadruped/switch-penalty-5x-to-100x/candidates/ppo-family/ppo/target-band/original-only/original-5x__added-off__forward-0.6459-body-lengths,https://pennstateoffice365-my.sharepoint.com/personal/bqc5667_psu_edu/_layouts/15/stream.aspx?id=%2Fpersonal%2Fbqc5667_psu_edu%2FDocuments%2FLIBR%2FExperiments%2FHexapod%2FVideos%2FRL_Robin%2FRL_Binary%2Fgithub-policy-videos%2Fdisplacement-0.6-to-0.8%2Fppo-family%2Fppo%2Foriginal-only%2Foriginal-5x__added-off__forward-0.6459-body-lengths%2Fppo-moderate-0.6459.mp4,9c0ac2fee1f3a90f5a729ab102faec3e9fd2dd306fad26f483cd6a5e344f5812,f7028904fd14c992e63b2b962783ddecd7d7d87b20061c0424161e1b2975c3fc,6.02,50/1,1,github-policy-videos/displacement-0.6-to-0.8/ppo-family/ppo/original-only/original-5x__added-off__forward-0.6459-body-lengths/ppo-moderate-0.6459.mp4
github-policy-videos,ppo-moderate-0.6550,PPO,target-band,0.655011773109436,2,27.4531307220459,0.453177809715271,0.16,0.52,-0.025,0.002,0.0,0.0,https://github.com/psu-LiBR/IsaacLab-LiBRHexapod/tree/robin/binary-rl-extended-quadruped/switch-penalty-5x-to-100x/candidates/ppo-family/ppo/target-band/original-plus-added-switch/original-5x__added-5x__forward-0.6550-body-lengths,https://pennstateoffice365-my.sharepoint.com/personal/bqc5667_psu_edu/_layouts/15/stream.aspx?id=%2Fpersonal%2Fbqc5667_psu_edu%2FDocuments%2FLIBR%2FExperiments%2FHexapod%2FVideos%2FRL_Robin%2FRL_Binary%2Fgithub-policy-videos%2Fdisplacement-0.6-to-0.8%2Fppo-family%2Fppo%2Foriginal-plus-added-switch%2Foriginal-5x__added-5x__forward-0.6550-body-lengths%2Fppo-moderate-0.6550.mp4,f826eff28d7a2bda9e4d6e508860961ea49cb6a8a72a6c8b91e2d7dc78236255,6d2a822495c48df94e20913bb44da53d6240a7fbce1f6e303f7d422557e72d66,6.02,50/1,1,github-policy-videos/displacement-0.6-to-0.8/ppo-family/ppo/original-plus-added-switch/original-5x__added-5x__forward-0.6550-body-lengths/ppo-moderate-0.6550.mp4
github-policy-videos,ppo-moderate-0.6778,PPO,target-band,0.6778306365013123,3,32.692840576171875,0.386884480714798,0.12,0.48,-0.15,0.012,0.0,0.0,https://github.com/psu-LiBR/IsaacLab-LiBRHexapod/tree/robin/binary-rl-extended-quadruped/switch-penalty-5x-to-100x/candidates/ppo-family/ppo/target-band/original-plus-added-switch/original-30x__added-30x__forward-0.6778-body-lengths,https://pennstateoffice365-my.sharepoint.com/personal/bqc5667_psu_edu/_layouts/15/stream.aspx?id=%2Fpersonal%2Fbqc5667_psu_edu%2FDocuments%2FLIBR%2FExperiments%2FHexapod%2FVideos%2FRL_Robin%2FRL_Binary%2Fgithub-policy-videos%2Fdisplacement-0.6-to-0.8%2Fppo-family%2Fppo%2Foriginal-plus-added-switch%2Foriginal-30x__added-30x__forward-0.6778-body-lengths%2Fppo-moderate-0.6778.mp4,ecbfe163446b63b21ce505f3d880ea123924c8c200e9c59ec72e9f649b5b44c9,cc56984c439fc028b3fca716fd4a8b7347e7842a0ca5a5404bc6054f5681aefb,6.02,50/1,1,github-policy-videos/displacement-0.6-to-0.8/ppo-family/ppo/original-plus-added-switch/original-30x__added-30x__forward-0.6778-body-lengths/ppo-moderate-0.6778.mp4
github-policy-videos,ppo-moderate-0.6935,PPO,target-band,0.6935100555419922,2,36.6642951965332,0.2551132142543793,0.1,0.5,-0.15,0.0,0.0,0.0,https://github.com/psu-LiBR/IsaacLab-LiBRHexapod/tree/robin/binary-rl-extended-quadruped/switch-penalty-5x-to-100x/candidates/ppo-family/ppo/target-band/original-only/original-30x__added-off__forward-0.6935-body-lengths,https://pennstateoffice365-my.sharepoint.com/personal/bqc5667_psu_edu/_layouts/15/stream.aspx?id=%2Fpersonal%2Fbqc5667_psu_edu%2FDocuments%2FLIBR%2FExperiments%2FHexapod%2FVideos%2FRL_Robin%2FRL_Binary%2Fgithub-policy-videos%2Fdisplacement-0.6-to-0.8%2Fppo-family%2Fppo%2Foriginal-only%2Foriginal-30x__added-off__forward-0.6935-body-lengths%2Fppo-moderate-0.6935.mp4,0811c8f8ad593f4cdf59c14b2818631083e7d36c4311135ecce312f9bc18d2fa,9690d304a29d3be4415c4746979ada3bf394d3c8bbbd86670c6f9351650b544b,6.02,50/1,1,github-policy-videos/displacement-0.6-to-0.8/ppo-family/ppo/original-only/original-30x__added-off__forward-0.6935-body-lengths/ppo-moderate-0.6935.mp4
github-policy-videos,ppo-moderate-0.7115,PPO,target-band,0.7114558815956116,4,31.002798080444336,0.24397192895412445,0.02,0.46,-0.05,0.0,0.0,0.0,https://github.com/psu-LiBR/IsaacLab-LiBRHexapod/tree/robin/binary-rl-extended-quadruped/switch-penalty-5x-to-100x/candidates/ppo-family/ppo/target-band/original-only/original-10x__added-off__forward-0.7115-body-lengths,https://pennstateoffice365-my.sharepoint.com/personal/bqc5667_psu_edu/_layouts/15/stream.aspx?id=%2Fpersonal%2Fbqc5667_psu_edu%2FDocuments%2FLIBR%2FExperiments%2FHexapod%2FVideos%2FRL_Robin%2FRL_Binary%2Fgithub-policy-videos%2Fdisplacement-0.6-to-0.8%2Fppo-family%2Fppo%2Foriginal-only%2Foriginal-10x__added-off__forward-0.7115-body-lengths%2Fppo-moderate-0.7115.mp4,4013d640cfd274b79f00117bea5bfd5979b888140961317ec9fe83405d3d133c,e329b786029970e7b7c8e99829c9b8bb9465c38ac539113008aedfd7c2dbaeea,6.02,50/1,1,github-policy-videos/displacement-0.6-to-0.8/ppo-family/ppo/original-only/original-10x__added-off__forward-0.7115-body-lengths/ppo-moderate-0.7115.mp4
github-policy-videos,ppo-moderate-0.7519,PPO,target-band,0.7518666386604309,4,29.74260139465332,0.2577100694179535,0.08,0.44,-0.05,0.004,0.0,0.0,https://github.com/psu-LiBR/IsaacLab-LiBRHexapod/tree/robin/binary-rl-extended-quadruped/switch-penalty-5x-to-100x/candidates/ppo-family/ppo/target-band/original-plus-added-switch/original-10x__added-10x__forward-0.7519-body-lengths,https://pennstateoffice365-my.sharepoint.com/personal/bqc5667_psu_edu/_layouts/15/stream.aspx?id=%2Fpersonal%2Fbqc5667_psu_edu%2FDocuments%2FLIBR%2FExperiments%2FHexapod%2FVideos%2FRL_Robin%2FRL_Binary%2Fgithub-policy-videos%2Fdisplacement-0.6-to-0.8%2Fppo-family%2Fppo%2Foriginal-plus-added-switch%2Foriginal-10x__added-10x__forward-0.7519-body-lengths%2Fppo-moderate-0.7519.mp4,55e811d6204b78d6ce560285169e638a96373fdff0b4d7a53dd866c504b021d9,9d8f7436d47b8ee4f99bcf91d63f19afdcfe48e80fcae5d41605fa12e5ef1767,6.02,50/1,1,github-policy-videos/displacement-0.6-to-0.8/ppo-family/ppo/original-plus-added-switch/original-10x__added-10x__forward-0.7519-body-lengths/ppo-moderate-0.7519.mp4
github-policy-videos,masked-ppo-moderate-0.6018,Masked PPO,target-band,0.6018054485321045,4,31.61249542236328,0.2742880880832672,0.02,0.42,-0.025,0.002,0.0,0.0,https://github.com/psu-LiBR/IsaacLab-LiBRHexapod/tree/robin/binary-rl-extended-quadruped/switch-penalty-5x-to-100x/candidates/ppo-family/masked-ppo/target-band/original-plus-added-switch/original-5x__added-5x__forward-0.6018-body-lengths,https://pennstateoffice365-my.sharepoint.com/personal/bqc5667_psu_edu/_layouts/15/stream.aspx?id=%2Fpersonal%2Fbqc5667_psu_edu%2FDocuments%2FLIBR%2FExperiments%2FHexapod%2FVideos%2FRL_Robin%2FRL_Binary%2Fgithub-policy-videos%2Fdisplacement-0.6-to-0.8%2Fppo-family%2Fmasked-ppo%2Foriginal-plus-added-switch%2Foriginal-5x__added-5x__forward-0.6018-body-lengths%2Fmasked-ppo-moderate-0.6018.mp4,5dd4368f554971b5e17d3efb618c0e05b69b7c6fd98a92911ec0f4f1de00ac5d,4f8f9e00fd2b8cf2ef5eab4a69ffaeabdbddf9ef438fb4d1854c513c7d0f8364,6.02,50/1,1,github-policy-videos/displacement-0.6-to-0.8/ppo-family/masked-ppo/original-plus-added-switch/original-5x__added-5x__forward-0.6018-body-lengths/masked-ppo-moderate-0.6018.mp4
github-policy-videos,masked-ppo-moderate-0.6062,Masked PPO,target-band,0.6061977744102478,3,37.82640838623047,0.5589181780815125,0.1,0.48,-0.025,0.002,0.0,0.0,https://github.com/psu-LiBR/IsaacLab-LiBRHexapod/tree/robin/binary-rl-extended-quadruped/switch-penalty-5x-to-100x/candidates/ppo-family/masked-ppo/target-band/original-plus-added-switch/original-5x__added-5x__forward-0.6062-body-lengths,https://pennstateoffice365-my.sharepoint.com/personal/bqc5667_psu_edu/_layouts/15/stream.aspx?id=%2Fpersonal%2Fbqc5667_psu_edu%2FDocuments%2FLIBR%2FExperiments%2FHexapod%2FVideos%2FRL_Robin%2FRL_Binary%2Fgithub-policy-videos%2Fdisplacement-0.6-to-0.8%2Fppo-family%2Fmasked-ppo%2Foriginal-plus-added-switch%2Foriginal-5x__added-5x__forward-0.6062-body-lengths%2Fmasked-ppo-moderate-0.6062.mp4,7327b4376ad71874ab9f041e577144e88abf59cd431977abb0ba46461375c554,eb6364371aa1a694668820d61f521a1307c85ffa6ff63053639009618a8b509e,6.02,50/1,1,github-policy-videos/displacement-0.6-to-0.8/ppo-family/masked-ppo/original-plus-added-switch/original-5x__added-5x__forward-0.6062-body-lengths/masked-ppo-moderate-0.6062.mp4
github-policy-videos,masked-ppo-moderate-0.6081,Masked PPO,target-band,0.6081119179725647,2,30.634443283081055,0.2664598822593689,0.02,0.5,-0.15,0.012,0.0,0.0,https://github.com/psu-LiBR/IsaacLab-LiBRHexapod/tree/robin/binary-rl-extended-quadruped/switch-penalty-5x-to-100x/candidates/ppo-family/masked-ppo/target-band/original-plus-added-switch/original-30x__added-30x__forward-0.6081-body-lengths,https://pennstateoffice365-my.sharepoint.com/personal/bqc5667_psu_edu/_layouts/15/stream.aspx?id=%2Fpersonal%2Fbqc5667_psu_edu%2FDocuments%2FLIBR%2FExperiments%2FHexapod%2FVideos%2FRL_Robin%2FRL_Binary%2Fgithub-policy-videos%2Fdisplacement-0.6-to-0.8%2Fppo-family%2Fmasked-ppo%2Foriginal-plus-added-switch%2Foriginal-30x__added-30x__forward-0.6081-body-lengths%2Fmasked-ppo-moderate-0.6081.mp4,4e1f34e5daf8b11d92194cffd76e158ddab72654a51836808023f2a50991a7a9,cfda098b43c9079d113474122a2859fd87cf30726ce43d096e4561a3caec28b2,6.02,50/1,1,github-policy-videos/displacement-0.6-to-0.8/ppo-family/masked-ppo/original-plus-added-switch/original-30x__added-30x__forward-0.6081-body-lengths/masked-ppo-moderate-0.6081.mp4
github-policy-videos,masked-ppo-moderate-0.6327,Masked PPO,target-band,0.6327484250068665,2,27.652515411376953,0.32986676692962646,0.04,0.5,-0.05,0.0,0.0,0.0,https://github.com/psu-LiBR/IsaacLab-LiBRHexapod/tree/robin/binary-rl-extended-quadruped/switch-penalty-5x-to-100x/candidates/ppo-family/masked-ppo/target-band/original-only/original-10x__added-off__forward-0.6327-body-lengths,https://pennstateoffice365-my.sharepoint.com/personal/bqc5667_psu_edu/_layouts/15/stream.aspx?id=%2Fpersonal%2Fbqc5667_psu_edu%2FDocuments%2FLIBR%2FExperiments%2FHexapod%2FVideos%2FRL_Robin%2FRL_Binary%2Fgithub-policy-videos%2Fdisplacement-0.6-to-0.8%2Fppo-family%2Fmasked-ppo%2Foriginal-only%2Foriginal-10x__added-off__forward-0.6327-body-lengths%2Fmasked-ppo-moderate-0.6327.mp4,994f7e16ded3d43210fe96c7bc7d7b0d5eda78e764d294d9af59e64dd3b33bf8,0955cc3381c8b79dcc359b1d25002e04c654b1c5925668ba8c67ef1d6e148d1f,6.02,50/1,1,github-policy-videos/displacement-0.6-to-0.8/ppo-family/masked-ppo/original-only/original-10x__added-off__forward-0.6327-body-lengths/masked-ppo-moderate-0.6327.mp4
github-policy-videos,masked-ppo-moderate-0.6495,Masked PPO,target-band,0.6494620442390442,4,29.504995346069336,0.19395004212856293,0.02,0.42,-0.025,0.0,0.0,0.0,https://github.com/psu-LiBR/IsaacLab-LiBRHexapod/tree/robin/binary-rl-extended-quadruped/switch-penalty-5x-to-100x/candidates/ppo-family/masked-ppo/target-band/original-only/original-5x__added-off__forward-0.6495-body-lengths,https://pennstateoffice365-my.sharepoint.com/personal/bqc5667_psu_edu/_layouts/15/stream.aspx?id=%2Fpersonal%2Fbqc5667_psu_edu%2FDocuments%2FLIBR%2FExperiments%2FHexapod%2FVideos%2FRL_Robin%2FRL_Binary%2Fgithub-policy-videos%2Fdisplacement-0.6-to-0.8%2Fppo-family%2Fmasked-ppo%2Foriginal-only%2Foriginal-5x__added-off__forward-0.6495-body-lengths%2Fmasked-ppo-moderate-0.6495.mp4,8b678ef26bf704488f46c45df4a7086903b42326fc516a48b83ccd27899230ac,166f8ad40be5f8fecef95dbd18edd96aefc20acdf398616f63e0a8cb4569ece5,6.02,50/1,1,github-policy-videos/displacement-0.6-to-0.8/ppo-family/masked-ppo/original-only/original-5x__added-off__forward-0.6495-body-lengths/masked-ppo-moderate-0.6495.mp4
github-policy-videos,masked-ppo-moderate-0.6497,Masked PPO,target-band,0.649691641330719,2,32.82724380493164,0.3822286128997803,0.28,0.54,-0.05,0.0,0.0,0.0,https://github.com/psu-LiBR/IsaacLab-LiBRHexapod/tree/robin/binary-rl-extended-quadruped/switch-penalty-5x-to-100x/candidates/ppo-family/masked-ppo/target-band/original-only/original-10x__added-off__forward-0.6497-body-lengths,https://pennstateoffice365-my.sharepoint.com/personal/bqc5667_psu_edu/_layouts/15/stream.aspx?id=%2Fpersonal%2Fbqc5667_psu_edu%2FDocuments%2FLIBR%2FExperiments%2FHexapod%2FVideos%2FRL_Robin%2FRL_Binary%2Fgithub-policy-videos%2Fdisplacement-0.6-to-0.8%2Fppo-family%2Fmasked-ppo%2Foriginal-only%2Foriginal-10x__added-off__forward-0.6497-body-lengths%2Fmasked-ppo-moderate-0.6497.mp4,5a475d28a27d2d859bb48105731ce7b1539184383d4e3b313e9cca46e924c0f9,9c7c091e9065d652c215424f8c783ee8edb93e785b76053d94ecf8bcfd88bf66,6.02,50/1,1,github-policy-videos/displacement-0.6-to-0.8/ppo-family/masked-ppo/original-only/original-10x__added-off__forward-0.6497-body-lengths/masked-ppo-moderate-0.6497.mp4
github-policy-videos,masked-ppo-moderate-0.6728,Masked PPO,target-band,0.6728296279907227,3,28.970306396484375,0.2729742228984833,0.06,0.48,-0.15,0.0,0.0,0.0,https://github.com/psu-LiBR/IsaacLab-LiBRHexapod/tree/robin/binary-rl-extended-quadruped/switch-penalty-5x-to-100x/candidates/ppo-family/masked-ppo/target-band/original-only/original-30x__added-off__forward-0.6728-body-lengths,https://pennstateoffice365-my.sharepoint.com/personal/bqc5667_psu_edu/_layouts/15/stream.aspx?id=%2Fpersonal%2Fbqc5667_psu_edu%2FDocuments%2FLIBR%2FExperiments%2FHexapod%2FVideos%2FRL_Robin%2FRL_Binary%2Fgithub-policy-videos%2Fdisplacement-0.6-to-0.8%2Fppo-family%2Fmasked-ppo%2Foriginal-only%2Foriginal-30x__added-off__forward-0.6728-body-lengths%2Fmasked-ppo-moderate-0.6728.mp4,a8dd24b0c180417bc1a2aaf16e04f31d3b1c2d94779a17e0891400dfa8d71161,4c34d2585fdf62926030b600d375108971391bf98db1c4f12903d0af66e2c9a8,6.02,50/1,1,github-policy-videos/displacement-0.6-to-0.8/ppo-family/masked-ppo/original-only/original-30x__added-off__forward-0.6728-body-lengths/masked-ppo-moderate-0.6728.mp4
github-policy-videos,masked-ppo-moderate-0.6816,Masked PPO,target-band,0.6816278100013733,4,26.908674240112305,0.24343998730182648,0.02,0.41000000000000003,-0.05,0.0,0.0,0.0,https://github.com/psu-LiBR/IsaacLab-LiBRHexapod/tree/robin/binary-rl-extended-quadruped/switch-penalty-5x-to-100x/candidates/ppo-family/masked-ppo/target-band/original-only/original-10x__added-off__forward-0.6816-body-lengths,https://pennstateoffice365-my.sharepoint.com/personal/bqc5667_psu_edu/_layouts/15/stream.aspx?id=%2Fpersonal%2Fbqc5667_psu_edu%2FDocuments%2FLIBR%2FExperiments%2FHexapod%2FVideos%2FRL_Robin%2FRL_Binary%2Fgithub-policy-videos%2Fdisplacement-0.6-to-0.8%2Fppo-family%2Fmasked-ppo%2Foriginal-only%2Foriginal-10x__added-off__forward-0.6816-body-lengths%2Fmasked-ppo-moderate-0.6816.mp4,670317368919eb3bf0f3f7ccd0412fd9011d3085286db8d1a10eaef43e74c830,2f91f467f703373591b6f35d05f3bb66cf8ded6433968b21ed66055a00aed52f,6.02,50/1,1,github-policy-videos/displacement-0.6-to-0.8/ppo-family/masked-ppo/original-only/original-10x__added-off__forward-0.6816-body-lengths/masked-ppo-moderate-0.6816.mp4
github-policy-videos,sac-discrete-one-step-moderate-0.6101,SAC-D 1-step,target-band,0.6100890636444092,2,34.47462844848633,0.637710690498352,0.42,0.5,-0.05,0.004,0.0,0.0,https://github.com/psu-LiBR/IsaacLab-LiBRHexapod/tree/robin/binary-rl-extended-quadruped/switch-penalty-5x-to-100x/candidates/sac-family/sac-discrete-one-step/target-band/original-plus-added-switch/original-10x__added-10x__forward-0.6101-body-lengths,https://pennstateoffice365-my.sharepoint.com/personal/bqc5667_psu_edu/_layouts/15/stream.aspx?id=%2Fpersonal%2Fbqc5667_psu_edu%2FDocuments%2FLIBR%2FExperiments%2FHexapod%2FVideos%2FRL_Robin%2FRL_Binary%2Fgithub-policy-videos%2Fdisplacement-0.6-to-0.8%2Fsac-family%2Fsac-discrete-one-step%2Foriginal-plus-added-switch%2Foriginal-10x__added-10x__forward-0.6101-body-lengths%2Fsac-discrete-one-step-moderate-0.6101.mp4,b838514ea736d5c0cb9023aa8ee69af4f7fe77a7181ade63581103e2b2b3b0e1,0f2224d32a655e9bc006c3ca588df00529952edce24e653da42c095d46b0f178,6.02,50/1,1,github-policy-videos/displacement-0.6-to-0.8/sac-family/sac-discrete-one-step/original-plus-added-switch/original-10x__added-10x__forward-0.6101-body-lengths/sac-discrete-one-step-moderate-0.6101.mp4
github-policy-videos,sac-discrete-one-step-moderate-0.6356,SAC-D 1-step,target-band,0.6355873346328735,2,34.42356491088867,0.8307827115058899,0.26,0.52,-0.025,0.0,0.0,0.0,https://github.com/psu-LiBR/IsaacLab-LiBRHexapod/tree/robin/binary-rl-extended-quadruped/switch-penalty-5x-to-100x/candidates/sac-family/sac-discrete-one-step/target-band/original-only/original-5x__added-off__forward-0.6356-body-lengths,https://pennstateoffice365-my.sharepoint.com/personal/bqc5667_psu_edu/_layouts/15/stream.aspx?id=%2Fpersonal%2Fbqc5667_psu_edu%2FDocuments%2FLIBR%2FExperiments%2FHexapod%2FVideos%2FRL_Robin%2FRL_Binary%2Fgithub-policy-videos%2Fdisplacement-0.6-to-0.8%2Fsac-family%2Fsac-discrete-one-step%2Foriginal-only%2Foriginal-5x__added-off__forward-0.6356-body-lengths%2Fsac-discrete-one-step-moderate-0.6356.mp4,8f09a6059e3b380d57b20dcfe8398faf5e72f0789ba2695855b4cbc13e9c27cb,a8dccb2dd7af17e9dbee10ffa55618277d3768209924a74b3782be83c18eeca0,6.02,50/1,1,github-policy-videos/displacement-0.6-to-0.8/sac-family/sac-discrete-one-step/original-only/original-5x__added-off__forward-0.6356-body-lengths/sac-discrete-one-step-moderate-0.6356.mp4
github-policy-videos,sac-discrete-one-step-moderate-0.7744,SAC-D 1-step,target-band,0.7743656635284424,2,28.143293380737305,0.8229434490203857,0.26,0.48,-0.05,0.0,0.0,0.0,https://github.com/psu-LiBR/IsaacLab-LiBRHexapod/tree/robin/binary-rl-extended-quadruped/switch-penalty-5x-to-100x/candidates/sac-family/sac-discrete-one-step/target-band/original-only/original-10x__added-off__forward-0.7744-body-lengths,https://pennstateoffice365-my.sharepoint.com/personal/bqc5667_psu_edu/_layouts/15/stream.aspx?id=%2Fpersonal%2Fbqc5667_psu_edu%2FDocuments%2FLIBR%2FExperiments%2FHexapod%2FVideos%2FRL_Robin%2FRL_Binary%2Fgithub-policy-videos%2Fdisplacement-0.6-to-0.8%2Fsac-family%2Fsac-discrete-one-step%2Foriginal-only%2Foriginal-10x__added-off__forward-0.7744-body-lengths%2Fsac-discrete-one-step-moderate-0.7744.mp4,47daf58b2c2fdb4ab1f77295be060632d81baae53da15c7af8d3df209c2a45c5,f48bbd0ef12aee892d3a2f3549b369b063f909aa24bc1e6cb68cca9a9338434a,6.02,50/1,1,github-policy-videos/displacement-0.6-to-0.8/sac-family/sac-discrete-one-step/original-only/original-10x__added-off__forward-0.7744-body-lengths/sac-discrete-one-step-moderate-0.7744.mp4
github-policy-videos,dqn-higher-0.8158,DQN,higher-displacement,0.8158473372459412,2,27.8741512298584,0.33608222007751465,0.34,0.44,-0.5,0.04,0.0,0.0,https://github.com/psu-LiBR/IsaacLab-LiBRHexapod/tree/robin/binary-rl-extended-quadruped/switch-penalty-5x-to-100x/candidates/dqn-family/dqn/higher-displacement/original-plus-added-switch/original-100x__added-100x__forward-0.8158-body-lengths,https://pennstateoffice365-my.sharepoint.com/personal/bqc5667_psu_edu/_layouts/15/stream.aspx?id=%2Fpersonal%2Fbqc5667_psu_edu%2FDocuments%2FLIBR%2FExperiments%2FHexapod%2FVideos%2FRL_Robin%2FRL_Binary%2Fgithub-policy-videos%2Fdisplacement-above-0.8%2Fdqn-family%2Fdqn%2Foriginal-plus-added-switch%2Foriginal-100x__added-100x__forward-0.8158-body-lengths%2Fdqn-higher-0.8158.mp4,048b94eaf29596723a20a91ae48f14ff3fd04533fd31cd476f386cc05f1e30ff,e317d8c7f6c3ebbf8451e7ebbfea871367cfc7e125fa274370ca1ac80a5da502,6.02,50/1,1,github-policy-videos/displacement-above-0.8/dqn-family/dqn/original-plus-added-switch/original-100x__added-100x__forward-0.8158-body-lengths/dqn-higher-0.8158.mp4
github-policy-videos,dqn-higher-0.8617,DQN,higher-displacement,0.8617193102836609,2,25.003511428833008,0.2651844620704651,0.34,0.4,-0.5,0.04,0.0,0.0,https://github.com/psu-LiBR/IsaacLab-LiBRHexapod/tree/robin/binary-rl-extended-quadruped/switch-penalty-5x-to-100x/candidates/dqn-family/dqn/higher-displacement/original-plus-added-switch/original-100x__added-100x__forward-0.8617-body-lengths,https://pennstateoffice365-my.sharepoint.com/personal/bqc5667_psu_edu/_layouts/15/stream.aspx?id=%2Fpersonal%2Fbqc5667_psu_edu%2FDocuments%2FLIBR%2FExperiments%2FHexapod%2FVideos%2FRL_Robin%2FRL_Binary%2Fgithub-policy-videos%2Fdisplacement-above-0.8%2Fdqn-family%2Fdqn%2Foriginal-plus-added-switch%2Foriginal-100x__added-100x__forward-0.8617-body-lengths%2Fdqn-higher-0.8617.mp4,4ccbf677ba93e8decb8c26c952326467b55a7910414f19f7a6e956eee1b9e8b7,61ae6af9b11ed865b5b7878c49fe720dad8bc3015dfaf3f6d57d5fba92ddf774,6.02,50/1,1,github-policy-videos/displacement-above-0.8/dqn-family/dqn/original-plus-added-switch/original-100x__added-100x__forward-0.8617-body-lengths/dqn-higher-0.8617.mp4
github-policy-videos,dqn-higher-0.9092,DQN,higher-displacement,0.9091511368751526,4,29.507526397705078,0.2454078644514084,0.1,0.28,-0.05,0.0,0.0,0.0,https://github.com/psu-LiBR/IsaacLab-LiBRHexapod/tree/robin/binary-rl-extended-quadruped/switch-penalty-5x-to-100x/candidates/dqn-family/dqn/higher-displacement/original-only/original-10x__added-off__forward-0.9092-body-lengths,https://pennstateoffice365-my.sharepoint.com/personal/bqc5667_psu_edu/_layouts/15/stream.aspx?id=%2Fpersonal%2Fbqc5667_psu_edu%2FDocuments%2FLIBR%2FExperiments%2FHexapod%2FVideos%2FRL_Robin%2FRL_Binary%2Fgithub-policy-videos%2Fdisplacement-above-0.8%2Fdqn-family%2Fdqn%2Foriginal-only%2Foriginal-10x__added-off__forward-0.9092-body-lengths%2Fdqn-higher-0.9092.mp4,a86523d577ed5938a28a25207c0ff90ec55a63e288541f5b4c23a6c07c34a1d1,d3fbf9d272632cc302acb2033c80242077e3f7337303d912312694171e9ec628,6.02,50/1,1,github-policy-videos/displacement-above-0.8/dqn-family/dqn/original-only/original-10x__added-off__forward-0.9092-body-lengths/dqn-higher-0.9092.mp4
github-policy-videos,dqn-higher-0.9486,DQN,higher-displacement,0.948580265045166,2,27.74956512451172,0.14246167242527008,0.04,0.28,-0.05,0.0,0.0,0.0,https://github.com/psu-LiBR/IsaacLab-LiBRHexapod/tree/robin/binary-rl-extended-quadruped/switch-penalty-5x-to-100x/candidates/dqn-family/dqn/higher-displacement/original-only/original-10x__added-off__forward-0.9486-body-lengths,https://pennstateoffice365-my.sharepoint.com/personal/bqc5667_psu_edu/_layouts/15/stream.aspx?id=%2Fpersonal%2Fbqc5667_psu_edu%2FDocuments%2FLIBR%2FExperiments%2FHexapod%2FVideos%2FRL_Robin%2FRL_Binary%2Fgithub-policy-videos%2Fdisplacement-above-0.8%2Fdqn-family%2Fdqn%2Foriginal-only%2Foriginal-10x__added-off__forward-0.9486-body-lengths%2Fdqn-higher-0.9486.mp4,6e216d69a116f00e812639f84a5e54182516a88ca317a72e164531b9a941d2c1,87b0e72cbabb9ae6ace1633c263f65481be37a08b49b84f1b5d845e04293665b,6.02,50/1,1,github-policy-videos/displacement-above-0.8/dqn-family/dqn/original-only/original-10x__added-off__forward-0.9486-body-lengths/dqn-higher-0.9486.mp4
github-policy-videos,dqn-higher-0.9761,DQN,higher-displacement,0.976067304611206,4,30.107004165649414,0.3088764250278473,0.16,0.26,-0.05,0.004,0.0,0.0,https://github.com/psu-LiBR/IsaacLab-LiBRHexapod/tree/robin/binary-rl-extended-quadruped/switch-penalty-5x-to-100x/candidates/dqn-family/dqn/higher-displacement/original-plus-added-switch/original-10x__added-10x__forward-0.9761-body-lengths,https://pennstateoffice365-my.sharepoint.com/personal/bqc5667_psu_edu/_layouts/15/stream.aspx?id=%2Fpersonal%2Fbqc5667_psu_edu%2FDocuments%2FLIBR%2FExperiments%2FHexapod%2FVideos%2FRL_Robin%2FRL_Binary%2Fgithub-policy-videos%2Fdisplacement-above-0.8%2Fdqn-family%2Fdqn%2Foriginal-plus-added-switch%2Foriginal-10x__added-10x__forward-0.9761-body-lengths%2Fdqn-higher-0.9761.mp4,9af9cfcc621a0946d4be40f8fedf0a05d269259a2288fc98ce13dfd74d1b7634,983128ef9c91fc0233a3c1774e4cfd8726558cdd592f483f411139df620261c5,6.02,50/1,1,github-policy-videos/displacement-above-0.8/dqn-family/dqn/original-plus-added-switch/original-10x__added-10x__forward-0.9761-body-lengths/dqn-higher-0.9761.mp4
github-policy-videos,dqn-higher-0.9983,DQN,higher-displacement,0.9983417391777039,4,29.880949020385742,0.1365155428647995,0.06,0.26,-0.025,0.002,0.0,0.0,https://github.com/psu-LiBR/IsaacLab-LiBRHexapod/tree/robin/binary-rl-extended-quadruped/switch-penalty-5x-to-100x/candidates/dqn-family/dqn/higher-displacement/original-plus-added-switch/original-5x__added-5x__forward-0.9983-body-lengths,https://pennstateoffice365-my.sharepoint.com/personal/bqc5667_psu_edu/_layouts/15/stream.aspx?id=%2Fpersonal%2Fbqc5667_psu_edu%2FDocuments%2FLIBR%2FExperiments%2FHexapod%2FVideos%2FRL_Robin%2FRL_Binary%2Fgithub-policy-videos%2Fdisplacement-above-0.8%2Fdqn-family%2Fdqn%2Foriginal-plus-added-switch%2Foriginal-5x__added-5x__forward-0.9983-body-lengths%2Fdqn-higher-0.9983.mp4,3f459bda23d025928fb8b1a4ab60becc1128dd1460d2d705f5bb22cc411dd773,beda18b0696fe4d6620e3917ed3eac68e8f24fe43c8b202ef225e9a1dd3ac399,6.02,50/1,1,github-policy-videos/displacement-above-0.8/dqn-family/dqn/original-plus-added-switch/original-5x__added-5x__forward-0.9983-body-lengths/dqn-higher-0.9983.mp4
github-policy-videos,dqn-higher-1.0116,DQN,higher-displacement,1.01163649559021,3,29.779150009155273,0.33655619621276855,0.14,0.26,-0.05,0.004,0.0,0.0,https://github.com/psu-LiBR/IsaacLab-LiBRHexapod/tree/robin/binary-rl-extended-quadruped/switch-penalty-5x-to-100x/candidates/dqn-family/dqn/higher-displacement/original-plus-added-switch/original-10x__added-10x__forward-1.0116-body-lengths,https://pennstateoffice365-my.sharepoint.com/personal/bqc5667_psu_edu/_layouts/15/stream.aspx?id=%2Fpersonal%2Fbqc5667_psu_edu%2FDocuments%2FLIBR%2FExperiments%2FHexapod%2FVideos%2FRL_Robin%2FRL_Binary%2Fgithub-policy-videos%2Fdisplacement-above-0.8%2Fdqn-family%2Fdqn%2Foriginal-plus-added-switch%2Foriginal-10x__added-10x__forward-1.0116-body-lengths%2Fdqn-higher-1.0116.mp4,96dc32c234b25939129066e0dd99c6adfc231d877423124ff6bc826c2fc262b8,67e64a4b7caa70ac6204338e745fc1187ccf475318e60abdd8b8ac82266c70de,6.02,50/1,1,github-policy-videos/displacement-above-0.8/dqn-family/dqn/original-plus-added-switch/original-10x__added-10x__forward-1.0116-body-lengths/dqn-higher-1.0116.mp4
github-policy-videos,ddqn-higher-0.8310,DDQN,higher-displacement,0.8309676051139832,3,27.468761444091797,0.3499729633331299,0.3,0.44,-0.5,0.04,0.0,0.0,https://github.com/psu-LiBR/IsaacLab-LiBRHexapod/tree/robin/binary-rl-extended-quadruped/switch-penalty-5x-to-100x/candidates/dqn-family/ddqn/higher-displacement/original-plus-added-switch/original-100x__added-100x__forward-0.8310-body-lengths,https://pennstateoffice365-my.sharepoint.com/personal/bqc5667_psu_edu/_layouts/15/stream.aspx?id=%2Fpersonal%2Fbqc5667_psu_edu%2FDocuments%2FLIBR%2FExperiments%2FHexapod%2FVideos%2FRL_Robin%2FRL_Binary%2Fgithub-policy-videos%2Fdisplacement-above-0.8%2Fdqn-family%2Fddqn%2Foriginal-plus-added-switch%2Foriginal-100x__added-100x__forward-0.8310-body-lengths%2Fddqn-higher-0.8310.mp4,1e835c7d6d1bbc6903d73646d212434ec5b40790e24def1a31982f3409d5ecd6,7942ada4c916d7e0a687ea585613a6d228ec4ca47034c52b0e75d862cc680bfa,6.02,50/1,1,github-policy-videos/displacement-above-0.8/dqn-family/ddqn/original-plus-added-switch/original-100x__added-100x__forward-0.8310-body-lengths/ddqn-higher-0.8310.mp4
github-policy-videos,ddqn-higher-0.8649,DDQN,higher-displacement,0.8648708462715149,2,33.03925323486328,0.3549160063266754,0.16,0.5,-0.5,0.0,0.0,0.0,https://github.com/psu-LiBR/IsaacLab-LiBRHexapod/tree/robin/binary-rl-extended-quadruped/switch-penalty-5x-to-100x/candidates/dqn-family/ddqn/higher-displacement/original-only/original-100x__added-off__forward-0.8649-body-lengths,https://pennstateoffice365-my.sharepoint.com/personal/bqc5667_psu_edu/_layouts/15/stream.aspx?id=%2Fpersonal%2Fbqc5667_psu_edu%2FDocuments%2FLIBR%2FExperiments%2FHexapod%2FVideos%2FRL_Robin%2FRL_Binary%2Fgithub-policy-videos%2Fdisplacement-above-0.8%2Fdqn-family%2Fddqn%2Foriginal-only%2Foriginal-100x__added-off__forward-0.8649-body-lengths%2Fddqn-higher-0.8649.mp4,55e3af4d98d4f2be8975a42ce11d40520755abb47b4d5c16fc0ce95347924eb6,143f058986991b278387345fd6d91d67a95c1ff9481eade9a46d2476e83163f7,6.02,50/1,1,github-policy-videos/displacement-above-0.8/dqn-family/ddqn/original-only/original-100x__added-off__forward-0.8649-body-lengths/ddqn-higher-0.8649.mp4
github-policy-videos,ddqn-higher-0.8861,DDQN,higher-displacement,0.8860697150230408,2,26.507022857666016,0.2522105872631073,0.18,0.38,-0.5,0.0,0.0,0.0,https://github.com/psu-LiBR/IsaacLab-LiBRHexapod/tree/robin/binary-rl-extended-quadruped/switch-penalty-5x-to-100x/candidates/dqn-family/ddqn/higher-displacement/original-only/original-100x__added-off__forward-0.8861-body-lengths,https://pennstateoffice365-my.sharepoint.com/personal/bqc5667_psu_edu/_layouts/15/stream.aspx?id=%2Fpersonal%2Fbqc5667_psu_edu%2FDocuments%2FLIBR%2FExperiments%2FHexapod%2FVideos%2FRL_Robin%2FRL_Binary%2Fgithub-policy-videos%2Fdisplacement-above-0.8%2Fdqn-family%2Fddqn%2Foriginal-only%2Foriginal-100x__added-off__forward-0.8861-body-lengths%2Fddqn-higher-0.8861.mp4,6ebc823a6ece4b84ce07a73c7f8ff43d59d565714b44c146fe2b9458e7549f3e,fc6cbce85b743da36214f81bcbc6c8fd6cb8fb6679fd41053429762eacd1a436,6.02,50/1,1,github-policy-videos/displacement-above-0.8/dqn-family/ddqn/original-only/original-100x__added-off__forward-0.8861-body-lengths/ddqn-higher-0.8861.mp4
github-policy-videos,ddqn-higher-0.9253,DDQN,higher-displacement,0.9252963066101074,4,28.93763542175293,0.2604635953903198,0.02,0.28,-0.025,0.002,0.0,0.0,https://github.com/psu-LiBR/IsaacLab-LiBRHexapod/tree/robin/binary-rl-extended-quadruped/switch-penalty-5x-to-100x/candidates/dqn-family/ddqn/higher-displacement/original-plus-added-switch/original-5x__added-5x__forward-0.9253-body-lengths,https://pennstateoffice365-my.sharepoint.com/personal/bqc5667_psu_edu/_layouts/15/stream.aspx?id=%2Fpersonal%2Fbqc5667_psu_edu%2FDocuments%2FLIBR%2FExperiments%2FHexapod%2FVideos%2FRL_Robin%2FRL_Binary%2Fgithub-policy-videos%2Fdisplacement-above-0.8%2Fdqn-family%2Fddqn%2Foriginal-plus-added-switch%2Foriginal-5x__added-5x__forward-0.9253-body-lengths%2Fddqn-higher-0.9253.mp4,7c22dcb1d5f437f02ecee7a3e9c6fa2b3671517a8f3e351baac7d222524c6756,f53ff7b691fdce901c191cd8e05c3f8dc610d39a21038e14bd1351ecde01d5e5,6.02,50/1,1,github-policy-videos/displacement-above-0.8/dqn-family/ddqn/original-plus-added-switch/original-5x__added-5x__forward-0.9253-body-lengths/ddqn-higher-0.9253.mp4
github-policy-videos,ddqn-higher-0.9796,DDQN,higher-displacement,0.9795580506324768,2,26.898046493530273,0.21030181646347046,0.12,0.42,-0.05,0.004,0.0,0.0,https://github.com/psu-LiBR/IsaacLab-LiBRHexapod/tree/robin/binary-rl-extended-quadruped/switch-penalty-5x-to-100x/candidates/dqn-family/ddqn/higher-displacement/original-plus-added-switch/original-10x__added-10x__forward-0.9796-body-lengths,https://pennstateoffice365-my.sharepoint.com/personal/bqc5667_psu_edu/_layouts/15/stream.aspx?id=%2Fpersonal%2Fbqc5667_psu_edu%2FDocuments%2FLIBR%2FExperiments%2FHexapod%2FVideos%2FRL_Robin%2FRL_Binary%2Fgithub-policy-videos%2Fdisplacement-above-0.8%2Fdqn-family%2Fddqn%2Foriginal-plus-added-switch%2Foriginal-10x__added-10x__forward-0.9796-body-lengths%2Fddqn-higher-0.9796.mp4,91c567b00d2b2e7e0bc8bec03032da8157cf206a8b0a68e000c7e3f5c20e33e2,9aa2d2c1c9e083e9c91a2256b7c2efcc18890fc7d1f7584dfc8b735c164e15d1,6.02,50/1,1,github-policy-videos/displacement-above-0.8/dqn-family/ddqn/original-plus-added-switch/original-10x__added-10x__forward-0.9796-body-lengths/ddqn-higher-0.9796.mp4
github-policy-videos,ddqn-higher-0.9937,DDQN,higher-displacement,0.9937374591827393,4,28.82126235961914,0.18050609529018402,0.08,0.32,-0.05,0.004,0.0,0.0,https://github.com/psu-LiBR/IsaacLab-LiBRHexapod/tree/robin/binary-rl-extended-quadruped/switch-penalty-5x-to-100x/candidates/dqn-family/ddqn/higher-displacement/original-plus-added-switch/original-10x__added-10x__forward-0.9937-body-lengths,https://pennstateoffice365-my.sharepoint.com/personal/bqc5667_psu_edu/_layouts/15/stream.aspx?id=%2Fpersonal%2Fbqc5667_psu_edu%2FDocuments%2FLIBR%2FExperiments%2FHexapod%2FVideos%2FRL_Robin%2FRL_Binary%2Fgithub-policy-videos%2Fdisplacement-above-0.8%2Fdqn-family%2Fddqn%2Foriginal-plus-added-switch%2Foriginal-10x__added-10x__forward-0.9937-body-lengths%2Fddqn-higher-0.9937.mp4,62fcc12a227454d1064de59733653d89a6501d31465e8a841c15024bf479d51c,0ec35eabec53c831a2d98ad9b05694dd4e5a01b8dd0c3cbb2894418b7aa907ee,6.02,50/1,1,github-policy-videos/displacement-above-0.8/dqn-family/ddqn/original-plus-added-switch/original-10x__added-10x__forward-0.9937-body-lengths/ddqn-higher-0.9937.mp4
github-policy-videos,ddqn-higher-1.0025,DDQN,higher-displacement,1.0024821758270264,2,30.434185028076172,0.29585015773773193,0.14,0.26,-0.15,0.012,0.0,0.0,https://github.com/psu-LiBR/IsaacLab-LiBRHexapod/tree/robin/binary-rl-extended-quadruped/switch-penalty-5x-to-100x/candidates/dqn-family/ddqn/higher-displacement/original-plus-added-switch/original-30x__added-30x__forward-1.0025-body-lengths,https://pennstateoffice365-my.sharepoint.com/personal/bqc5667_psu_edu/_layouts/15/stream.aspx?id=%2Fpersonal%2Fbqc5667_psu_edu%2FDocuments%2FLIBR%2FExperiments%2FHexapod%2FVideos%2FRL_Robin%2FRL_Binary%2Fgithub-policy-videos%2Fdisplacement-above-0.8%2Fdqn-family%2Fddqn%2Foriginal-plus-added-switch%2Foriginal-30x__added-30x__forward-1.0025-body-lengths%2Fddqn-higher-1.0025.mp4,c9b802982800c650ffa59e6fe4d716818617dec52d82f8c816bc6c8a307c8b5e,5ceadd841756081276fe02f39e80863515a2386ad53ebdbee0ceaf70c95df3c7,6.02,50/1,1,github-policy-videos/displacement-above-0.8/dqn-family/ddqn/original-plus-added-switch/original-30x__added-30x__forward-1.0025-body-lengths/ddqn-higher-1.0025.mp4
additional-policy-videos,dqn-moderate-0.7670,DQN,target-band,0.7669723629951477,3,34.401832580566406,0.6356401443481445,0.2,0.38,-0.5,0.04,0.0,0.0,,https://pennstateoffice365-my.sharepoint.com/personal/bqc5667_psu_edu/_layouts/15/stream.aspx?id=%2Fpersonal%2Fbqc5667_psu_edu%2FDocuments%2FLIBR%2FExperiments%2FHexapod%2FVideos%2FRL_Robin%2FRL_Binary%2Fadditional-policy-videos%2Fdisplacement-0.6-to-0.8%2Fdqn-family%2Fdqn%2Foriginal-plus-added-switch%2Foriginal-100x__added-100x__forward-0.7670-body-lengths%2Fdqn-moderate-0.7670.mp4,7bb95542fef385937edaf47fa50a4bdf1272922f1f92bb9176e2785804209fd3,1cd9b2e2e7611a08f7bbafbfb1f72d90db1a649f31a4d8b3f8c07554461306d9,6.02,50/1,1,additional-policy-videos/displacement-0.6-to-0.8/dqn-family/dqn/original-plus-added-switch/original-100x__added-100x__forward-0.7670-body-lengths/dqn-moderate-0.7670.mp4
additional-policy-videos,dqn-moderate-0.7739,DQN,target-band,0.7738814949989319,3,36.20987319946289,0.9795939922332764,0.22,0.5,-0.05,0.004,0.0,0.0,,https://pennstateoffice365-my.sharepoint.com/personal/bqc5667_psu_edu/_layouts/15/stream.aspx?id=%2Fpersonal%2Fbqc5667_psu_edu%2FDocuments%2FLIBR%2FExperiments%2FHexapod%2FVideos%2FRL_Robin%2FRL_Binary%2Fadditional-policy-videos%2Fdisplacement-0.6-to-0.8%2Fdqn-family%2Fdqn%2Foriginal-plus-added-switch%2Foriginal-10x__added-10x__forward-0.7739-body-lengths%2Fdqn-moderate-0.7739.mp4,530dbe615666c3fb456fa332e93d64b4db45e6ad4261aeb5889a33b0cca23616,b74e3d607cbab0f62014a420b4f44521a3573c08e523f6cd16c7818a4c9efd95,6.02,50/1,1,additional-policy-videos/displacement-0.6-to-0.8/dqn-family/dqn/original-plus-added-switch/original-10x__added-10x__forward-0.7739-body-lengths/dqn-moderate-0.7739.mp4
additional-policy-videos,ddqn-moderate-0.6194,DDQN,target-band,0.6193516850471497,4,40.79389572143555,0.4979262351989746,0.04,0.46,-0.05,0.0,0.0,1.0,,https://pennstateoffice365-my.sharepoint.com/personal/bqc5667_psu_edu/_layouts/15/stream.aspx?id=%2Fpersonal%2Fbqc5667_psu_edu%2FDocuments%2FLIBR%2FExperiments%2FHexapod%2FVideos%2FRL_Robin%2FRL_Binary%2Fadditional-policy-videos%2Fdisplacement-0.6-to-0.8%2Fdqn-family%2Fddqn%2Foriginal-only%2Foriginal-10x__added-off__forward-0.6194-body-lengths%2Fddqn-moderate-0.6194.mp4,48d44fa00b5e5e3bd878becdefb18a289f6175d558d22d6e2550eb10e1e6dfde,39ace96eee0db996a8b7ccafe72fe4ff07ae873f5d34361a04c610061f47ba60,6.02,50/1,1,additional-policy-videos/displacement-0.6-to-0.8/dqn-family/ddqn/original-only/original-10x__added-off__forward-0.6194-body-lengths/ddqn-moderate-0.6194.mp4
additional-policy-videos,ddqn-moderate-0.7232,DDQN,target-band,0.7232176661491394,4,44.994869232177734,0.8604013919830322,0.08,0.44,-0.05,0.0,0.0,0.0,,https://pennstateoffice365-my.sharepoint.com/personal/bqc5667_psu_edu/_layouts/15/stream.aspx?id=%2Fpersonal%2Fbqc5667_psu_edu%2FDocuments%2FLIBR%2FExperiments%2FHexapod%2FVideos%2FRL_Robin%2FRL_Binary%2Fadditional-policy-videos%2Fdisplacement-0.6-to-0.8%2Fdqn-family%2Fddqn%2Foriginal-only%2Foriginal-10x__added-off__forward-0.7232-body-lengths%2Fddqn-moderate-0.7232.mp4,68d1019aceb0d540c55ba25165d56ae676ef2cd0832ec579226a76dea6129fdf,ca316ffa3c85aeaf7a87c1b53f0c2b9c0acb78d12b69617003412220b05ded8b,6.02,50/1,1,additional-policy-videos/displacement-0.6-to-0.8/dqn-family/ddqn/original-only/original-10x__added-off__forward-0.7232-body-lengths/ddqn-moderate-0.7232.mp4
additional-policy-videos,ddqn-moderate-0.7378,DDQN,target-band,0.7378225326538086,4,31.967370986938477,0.8185665011405945,0.04,0.48,-0.025,0.002,0.0,0.0,,https://pennstateoffice365-my.sharepoint.com/personal/bqc5667_psu_edu/_layouts/15/stream.aspx?id=%2Fpersonal%2Fbqc5667_psu_edu%2FDocuments%2FLIBR%2FExperiments%2FHexapod%2FVideos%2FRL_Robin%2FRL_Binary%2Fadditional-policy-videos%2Fdisplacement-0.6-to-0.8%2Fdqn-family%2Fddqn%2Foriginal-plus-added-switch%2Foriginal-5x__added-5x__forward-0.7378-body-lengths%2Fddqn-moderate-0.7378.mp4,bb6980f5b8e676953404d44784993c482dbb3abd43765060ecc9d74d1ab34995,9de1659dbe6d4b91d87a2bb59b2409119a8bc732ee037d76b8b6ee819e8501eb,6.02,50/1,1,additional-policy-videos/displacement-0.6-to-0.8/dqn-family/ddqn/original-plus-added-switch/original-5x__added-5x__forward-0.7378-body-lengths/ddqn-moderate-0.7378.mp4
additional-policy-videos,ddqn-moderate-0.7523,DDQN,target-band,0.7523062825202942,4,30.792139053344727,0.9409786462783813,0.08,0.46,-0.05,0.004,0.0,0.0,,https://pennstateoffice365-my.sharepoint.com/personal/bqc5667_psu_edu/_layouts/15/stream.aspx?id=%2Fpersonal%2Fbqc5667_psu_edu%2FDocuments%2FLIBR%2FExperiments%2FHexapod%2FVideos%2FRL_Robin%2FRL_Binary%2Fadditional-policy-videos%2Fdisplacement-0.6-to-0.8%2Fdqn-family%2Fddqn%2Foriginal-plus-added-switch%2Foriginal-10x__added-10x__forward-0.7523-body-lengths%2Fddqn-moderate-0.7523.mp4,5062c76211f2a1a97acba28f14e67110cb9170f3a13174772b45532ea5590e82,5b834e1b4db64473e642cc8f4cd695ca0b4004c07a44c8c0f9f2bde829db01e8,6.02,50/1,1,additional-policy-videos/displacement-0.6-to-0.8/dqn-family/ddqn/original-plus-added-switch/original-10x__added-10x__forward-0.7523-body-lengths/ddqn-moderate-0.7523.mp4
additional-policy-videos,ddqn-moderate-0.7898,DDQN,target-band,0.7897570133209229,2,35.58509063720703,0.6209807395935059,0.3,0.5,-0.5,0.04,0.0,0.0,,https://pennstateoffice365-my.sharepoint.com/personal/bqc5667_psu_edu/_layouts/15/stream.aspx?id=%2Fpersonal%2Fbqc5667_psu_edu%2FDocuments%2FLIBR%2FExperiments%2FHexapod%2FVideos%2FRL_Robin%2FRL_Binary%2Fadditional-policy-videos%2Fdisplacement-0.6-to-0.8%2Fdqn-family%2Fddqn%2Foriginal-plus-added-switch%2Foriginal-100x__added-100x__forward-0.7898-body-lengths%2Fddqn-moderate-0.7898.mp4,6a16e8f7dbf47cc507c39b2a506a5048a54b6cd0cfa45412ce5386359c498110,a031c07270f86c61156374c590e9aea7f19a5771afbbbfba119d4bfee9182602,6.02,50/1,1,additional-policy-videos/displacement-0.6-to-0.8/dqn-family/ddqn/original-plus-added-switch/original-100x__added-100x__forward-0.7898-body-lengths/ddqn-moderate-0.7898.mp4
additional-policy-videos,ddqn-moderate-0.7908,DDQN,target-band,0.7907739281654358,2,33.48512649536133,0.5885919332504272,0.34,0.46,-0.5,0.04,0.0,0.0,,https://pennstateoffice365-my.sharepoint.com/personal/bqc5667_psu_edu/_layouts/15/stream.aspx?id=%2Fpersonal%2Fbqc5667_psu_edu%2FDocuments%2FLIBR%2FExperiments%2FHexapod%2FVideos%2FRL_Robin%2FRL_Binary%2Fadditional-policy-videos%2Fdisplacement-0.6-to-0.8%2Fdqn-family%2Fddqn%2Foriginal-plus-added-switch%2Foriginal-100x__added-100x__forward-0.7908-body-lengths%2Fddqn-moderate-0.7908.mp4,b17be7a44afe25e5d05501026e97b962fd577ecc335623c1dc4532ac8f09aa6b,2a93328abaf64adfc32b866131e81ff5df85a0df23b8149b593da5e85d045df3,6.02,50/1,1,additional-policy-videos/displacement-0.6-to-0.8/dqn-family/ddqn/original-plus-added-switch/original-100x__added-100x__forward-0.7908-body-lengths/ddqn-moderate-0.7908.mp4
additional-policy-videos,ddqn-moderate-0.7939,DDQN,target-band,0.7938787937164307,2,34.94528579711914,0.608978271484375,0.34,0.44,-0.5,0.04,0.0,0.0,,https://pennstateoffice365-my.sharepoint.com/personal/bqc5667_psu_edu/_layouts/15/stream.aspx?id=%2Fpersonal%2Fbqc5667_psu_edu%2FDocuments%2FLIBR%2FExperiments%2FHexapod%2FVideos%2FRL_Robin%2FRL_Binary%2Fadditional-policy-videos%2Fdisplacement-0.6-to-0.8%2Fdqn-family%2Fddqn%2Foriginal-plus-added-switch%2Foriginal-100x__added-100x__forward-0.7939-body-lengths%2Fddqn-moderate-0.7939.mp4,0ab2fbc564771943cb6682052a73705789ffb4a269b64228869cac4b5f5ab46d,a1f92ff640ac195e46a6e39b2eef6ab437e17a4634603d6a30b16b55d26af4da,6.02,50/1,1,additional-policy-videos/displacement-0.6-to-0.8/dqn-family/ddqn/original-plus-added-switch/original-100x__added-100x__forward-0.7939-body-lengths/ddqn-moderate-0.7939.mp4
additional-policy-videos,ddqn-moderate-0.7965,DDQN,target-band,0.7964524626731873,2,33.71312713623047,0.4215485155582428,0.34,0.48,-0.5,0.04,0.0,0.0,,https://pennstateoffice365-my.sharepoint.com/personal/bqc5667_psu_edu/_layouts/15/stream.aspx?id=%2Fpersonal%2Fbqc5667_psu_edu%2FDocuments%2FLIBR%2FExperiments%2FHexapod%2FVideos%2FRL_Robin%2FRL_Binary%2Fadditional-policy-videos%2Fdisplacement-0.6-to-0.8%2Fdqn-family%2Fddqn%2Foriginal-plus-added-switch%2Foriginal-100x__added-100x__forward-0.7965-body-lengths%2Fddqn-moderate-0.7965.mp4,5cc5652596f9ed992240143b4cec4597cd5b385c398ee7cc0631f5a80762fc72,b67354e29693fb1d6fb23e45fa3014ef58d4c04a68ae770de41c36f1e844911e,6.02,50/1,1,additional-policy-videos/displacement-0.6-to-0.8/dqn-family/ddqn/original-plus-added-switch/original-100x__added-100x__forward-0.7965-body-lengths/ddqn-moderate-0.7965.mp4
additional-policy-videos,ppo-moderate-0.6285,PPO,target-band,0.6284629702568054,4,36.985679626464844,0.5174830555915833,0.02,0.32,-0.05,0.0,0.0,0.0,,https://pennstateoffice365-my.sharepoint.com/personal/bqc5667_psu_edu/_layouts/15/stream.aspx?id=%2Fpersonal%2Fbqc5667_psu_edu%2FDocuments%2FLIBR%2FExperiments%2FHexapod%2FVideos%2FRL_Robin%2FRL_Binary%2Fadditional-policy-videos%2Fdisplacement-0.6-to-0.8%2Fppo-family%2Fppo%2Foriginal-only%2Foriginal-10x__added-off__forward-0.6285-body-lengths%2Fppo-moderate-0.6285.mp4,8112d15b6081b143d101756e7c08590179e8168c3a29ba80aa00e7d6c573c27c,1443b9b3f95183c694975978d81f36ed3fb9eab9f80ad1bf636d140bd57ade78,6.02,50/1,1,additional-policy-videos/displacement-0.6-to-0.8/ppo-family/ppo/original-only/original-10x__added-off__forward-0.6285-body-lengths/ppo-moderate-0.6285.mp4
additional-policy-videos,ppo-moderate-0.6377,PPO,target-band,0.6376662850379944,4,59.348453521728516,0.2554704248905182,0.02,0.34,-0.5,0.04,0.0,0.0,,https://pennstateoffice365-my.sharepoint.com/personal/bqc5667_psu_edu/_layouts/15/stream.aspx?id=%2Fpersonal%2Fbqc5667_psu_edu%2FDocuments%2FLIBR%2FExperiments%2FHexapod%2FVideos%2FRL_Robin%2FRL_Binary%2Fadditional-policy-videos%2Fdisplacement-0.6-to-0.8%2Fppo-family%2Fppo%2Foriginal-plus-added-switch%2Foriginal-100x__added-100x__forward-0.6377-body-lengths%2Fppo-moderate-0.6377.mp4,3ba396ec22e7436532913cf64dd00399ac736875d7a651d7c92d212069750865,462358939e6db3c0e35733df354c6be21890aa085b9a83b3ce6e963ba75ebcb9,6.02,50/1,1,additional-policy-videos/displacement-0.6-to-0.8/ppo-family/ppo/original-plus-added-switch/original-100x__added-100x__forward-0.6377-body-lengths/ppo-moderate-0.6377.mp4
additional-policy-videos,ppo-moderate-0.6675,PPO,target-band,0.6675413250923157,4,32.68724060058594,0.9067509770393372,0.02,0.44,-0.025,0.002,0.0,0.0,,https://pennstateoffice365-my.sharepoint.com/personal/bqc5667_psu_edu/_layouts/15/stream.aspx?id=%2Fpersonal%2Fbqc5667_psu_edu%2FDocuments%2FLIBR%2FExperiments%2FHexapod%2FVideos%2FRL_Robin%2FRL_Binary%2Fadditional-policy-videos%2Fdisplacement-0.6-to-0.8%2Fppo-family%2Fppo%2Foriginal-plus-added-switch%2Foriginal-5x__added-5x__forward-0.6675-body-lengths%2Fppo-moderate-0.6675.mp4,3cb28a5cdb3cc02b84f5297121eb2b4de2b59ba7131f71ad26148622956a59cd,e24734db269a2aea01362a2e7c5b44da8f7f3463bc29b1de3fce06779d7ac0e0,6.02,50/1,1,additional-policy-videos/displacement-0.6-to-0.8/ppo-family/ppo/original-plus-added-switch/original-5x__added-5x__forward-0.6675-body-lengths/ppo-moderate-0.6675.mp4
additional-policy-videos,ppo-moderate-0.6760,PPO,target-band,0.676049530506134,2,30.186792373657227,0.3383805751800537,0.04,0.48,-0.025,0.002,0.0,0.0,,https://pennstateoffice365-my.sharepoint.com/personal/bqc5667_psu_edu/_layouts/15/stream.aspx?id=%2Fpersonal%2Fbqc5667_psu_edu%2FDocuments%2FLIBR%2FExperiments%2FHexapod%2FVideos%2FRL_Robin%2FRL_Binary%2Fadditional-policy-videos%2Fdisplacement-0.6-to-0.8%2Fppo-family%2Fppo%2Foriginal-plus-added-switch%2Foriginal-5x__added-5x__forward-0.6760-body-lengths%2Fppo-moderate-0.6760.mp4,47dada936fd601002b9be701772b540842199abf4de6f89d9e5fa25c9bfea49e,f87d1732a8ce86f97dc78788bb49712023f694b92ae713b6470d1f79fb58fe8e,6.02,50/1,1,additional-policy-videos/displacement-0.6-to-0.8/ppo-family/ppo/original-plus-added-switch/original-5x__added-5x__forward-0.6760-body-lengths/ppo-moderate-0.6760.mp4
additional-policy-videos,ppo-moderate-0.6776,PPO,target-band,0.6775875091552734,4,27.525733947753906,0.20277968049049377,0.02,0.36,-0.025,0.0,0.0,0.0,,https://pennstateoffice365-my.sharepoint.com/personal/bqc5667_psu_edu/_layouts/15/stream.aspx?id=%2Fpersonal%2Fbqc5667_psu_edu%2FDocuments%2FLIBR%2FExperiments%2FHexapod%2FVideos%2FRL_Robin%2FRL_Binary%2Fadditional-policy-videos%2Fdisplacement-0.6-to-0.8%2Fppo-family%2Fppo%2Foriginal-only%2Foriginal-5x__added-off__forward-0.6776-body-lengths%2Fppo-moderate-0.6776.mp4,3b8e056b67de6a2107d81d3037750db34852c080937999cc682b3daf1ea9c3e3,ae9d5d9305c420f4dda87d1de4f28e5d0f57c634be2069af561b06a4e024621a,6.02,50/1,1,additional-policy-videos/displacement-0.6-to-0.8/ppo-family/ppo/original-only/original-5x__added-off__forward-0.6776-body-lengths/ppo-moderate-0.6776.mp4
additional-policy-videos,ppo-moderate-0.7145,PPO,target-band,0.7144773602485657,4,35.34697341918945,0.5882322788238525,0.06,0.48,-0.15,0.0,0.0,0.0,,https://pennstateoffice365-my.sharepoint.com/personal/bqc5667_psu_edu/_layouts/15/stream.aspx?id=%2Fpersonal%2Fbqc5667_psu_edu%2FDocuments%2FLIBR%2FExperiments%2FHexapod%2FVideos%2FRL_Robin%2FRL_Binary%2Fadditional-policy-videos%2Fdisplacement-0.6-to-0.8%2Fppo-family%2Fppo%2Foriginal-only%2Foriginal-30x__added-off__forward-0.7145-body-lengths%2Fppo-moderate-0.7145.mp4,80c41da93513da800e9d24f8646b2ca791a9f9ef77c369b9555ec82d3f564beb,5668792b529b174e2ca9359ffe362e593bf95b666cb2f9b13aeaeb34d4fa4a1f,6.02,50/1,1,additional-policy-videos/displacement-0.6-to-0.8/ppo-family/ppo/original-only/original-30x__added-off__forward-0.7145-body-lengths/ppo-moderate-0.7145.mp4
additional-policy-videos,ppo-moderate-0.7213,PPO,target-band,0.7212638258934021,4,31.98447608947754,0.3905417025089264,0.02,0.48,-0.05,0.0,0.0,0.0,,https://pennstateoffice365-my.sharepoint.com/personal/bqc5667_psu_edu/_layouts/15/stream.aspx?id=%2Fpersonal%2Fbqc5667_psu_edu%2FDocuments%2FLIBR%2FExperiments%2FHexapod%2FVideos%2FRL_Robin%2FRL_Binary%2Fadditional-policy-videos%2Fdisplacement-0.6-to-0.8%2Fppo-family%2Fppo%2Foriginal-only%2Foriginal-10x__added-off__forward-0.7213-body-lengths%2Fppo-moderate-0.7213.mp4,51a79a1e66cdcb8c248f4ed7c65d6a61e59f2c49023afa4439eda154260c564c,3dffaf37fa4763dddf709bc2b1c76083b10a8042bf36cd139d4ab55d678c59e3,6.02,50/1,1,additional-policy-videos/displacement-0.6-to-0.8/ppo-family/ppo/original-only/original-10x__added-off__forward-0.7213-body-lengths/ppo-moderate-0.7213.mp4
additional-policy-videos,ppo-moderate-0.7259,PPO,target-band,0.7258502840995789,2,33.5121955871582,0.7167866230010986,0.02,0.5,-0.025,0.002,0.0,0.0,,https://pennstateoffice365-my.sharepoint.com/personal/bqc5667_psu_edu/_layouts/15/stream.aspx?id=%2Fpersonal%2Fbqc5667_psu_edu%2FDocuments%2FLIBR%2FExperiments%2FHexapod%2FVideos%2FRL_Robin%2FRL_Binary%2Fadditional-policy-videos%2Fdisplacement-0.6-to-0.8%2Fppo-family%2Fppo%2Foriginal-plus-added-switch%2Foriginal-5x__added-5x__forward-0.7259-body-lengths%2Fppo-moderate-0.7259.mp4,6edea37279d69ead5660a164581d1190efa35f1a7d43b001ab7014b812ba3976,9b95bb2f080b9447e8cd7fe9c69b570b9e8556353f7ddcfe9fba403e0d395e39,6.02,50/1,1,additional-policy-videos/displacement-0.6-to-0.8/ppo-family/ppo/original-plus-added-switch/original-5x__added-5x__forward-0.7259-body-lengths/ppo-moderate-0.7259.mp4
additional-policy-videos,ppo-moderate-0.7299,PPO,target-band,0.7299034595489502,2,29.501853942871094,0.3019576668739319,0.02,0.48,-0.05,0.004,0.0,0.0,,https://pennstateoffice365-my.sharepoint.com/personal/bqc5667_psu_edu/_layouts/15/stream.aspx?id=%2Fpersonal%2Fbqc5667_psu_edu%2FDocuments%2FLIBR%2FExperiments%2FHexapod%2FVideos%2FRL_Robin%2FRL_Binary%2Fadditional-policy-videos%2Fdisplacement-0.6-to-0.8%2Fppo-family%2Fppo%2Foriginal-plus-added-switch%2Foriginal-10x__added-10x__forward-0.7299-body-lengths%2Fppo-moderate-0.7299.mp4,ddb86c867ca4dca40f268526e804add2da34de0b1e518732bba56f89881a98e0,2f4e3355e9c719b6f4f4f58c09882e7a7284d7bc9102058bd7bf9fef0669d1d0,6.02,50/1,1,additional-policy-videos/displacement-0.6-to-0.8/ppo-family/ppo/original-plus-added-switch/original-10x__added-10x__forward-0.7299-body-lengths/ppo-moderate-0.7299.mp4
additional-policy-videos,ppo-moderate-0.7428,PPO,target-band,0.7428354620933533,2,42.20976638793945,0.35609129071235657,0.08,0.4,-0.5,0.04,0.0,0.0,,https://pennstateoffice365-my.sharepoint.com/personal/bqc5667_psu_edu/_layouts/15/stream.aspx?id=%2Fpersonal%2Fbqc5667_psu_edu%2FDocuments%2FLIBR%2FExperiments%2FHexapod%2FVideos%2FRL_Robin%2FRL_Binary%2Fadditional-policy-videos%2Fdisplacement-0.6-to-0.8%2Fppo-family%2Fppo%2Foriginal-plus-added-switch%2Foriginal-100x__added-100x__forward-0.7428-body-lengths%2Fppo-moderate-0.7428.mp4,9500dc5f2362a55160a86334cbe6e1beeed55413befdb6069becf398d770150c,576b77cceec8eaee4d354d88b4082fee66645519e9edecc9b0cbe003072ae394,6.02,50/1,1,additional-policy-videos/displacement-0.6-to-0.8/ppo-family/ppo/original-plus-added-switch/original-100x__added-100x__forward-0.7428-body-lengths/ppo-moderate-0.7428.mp4
additional-policy-videos,ppo-moderate-0.7452,PPO,target-band,0.7451761364936829,3,32.734283447265625,0.2135208249092102,0.06,0.44,-0.025,0.002,0.0,0.0,,https://pennstateoffice365-my.sharepoint.com/personal/bqc5667_psu_edu/_layouts/15/stream.aspx?id=%2Fpersonal%2Fbqc5667_psu_edu%2FDocuments%2FLIBR%2FExperiments%2FHexapod%2FVideos%2FRL_Robin%2FRL_Binary%2Fadditional-policy-videos%2Fdisplacement-0.6-to-0.8%2Fppo-family%2Fppo%2Foriginal-plus-added-switch%2Foriginal-5x__added-5x__forward-0.7452-body-lengths%2Fppo-moderate-0.7452.mp4,041ca723644d1a9f451694975a5450f9b68be809c81a91ad5de120a7a9a6c553,09972c6c136819c662b27bc20b101be6a4324dcc6926f08e74b020cc5634cfa9,6.02,50/1,1,additional-policy-videos/displacement-0.6-to-0.8/ppo-family/ppo/original-plus-added-switch/original-5x__added-5x__forward-0.7452-body-lengths/ppo-moderate-0.7452.mp4
additional-policy-videos,masked-ppo-moderate-0.6039,Masked PPO,target-band,0.6038938164710999,4,36.227203369140625,0.8601863384246826,0.02,0.48,-0.05,0.0,0.0,0.0,,https://pennstateoffice365-my.sharepoint.com/personal/bqc5667_psu_edu/_layouts/15/stream.aspx?id=%2Fpersonal%2Fbqc5667_psu_edu%2FDocuments%2FLIBR%2FExperiments%2FHexapod%2FVideos%2FRL_Robin%2FRL_Binary%2Fadditional-policy-videos%2Fdisplacement-0.6-to-0.8%2Fppo-family%2Fmasked-ppo%2Foriginal-only%2Foriginal-10x__added-off__forward-0.6039-body-lengths%2Fmasked-ppo-moderate-0.6039.mp4,64750707f39aa10d7e1969be924745896feef3dabc9d0ce1336959a7edf21441,b7a68b94f9bc3e10e6ca3d60b738f505918626c674388ca29b140972dafeb04c,6.02,50/1,1,additional-policy-videos/displacement-0.6-to-0.8/ppo-family/masked-ppo/original-only/original-10x__added-off__forward-0.6039-body-lengths/masked-ppo-moderate-0.6039.mp4
additional-policy-videos,masked-ppo-moderate-0.6064,Masked PPO,target-band,0.6064202189445496,4,29.46686553955078,0.9715941548347473,0.02,0.36,-0.05,0.004,0.0,0.0,,https://pennstateoffice365-my.sharepoint.com/personal/bqc5667_psu_edu/_layouts/15/stream.aspx?id=%2Fpersonal%2Fbqc5667_psu_edu%2FDocuments%2FLIBR%2FExperiments%2FHexapod%2FVideos%2FRL_Robin%2FRL_Binary%2Fadditional-policy-videos%2Fdisplacement-0.6-to-0.8%2Fppo-family%2Fmasked-ppo%2Foriginal-plus-added-switch%2Foriginal-10x__added-10x__forward-0.6064-body-lengths%2Fmasked-ppo-moderate-0.6064.mp4,58bfaec45864d07b885f5c1e5de7029119a948cbbae5271f1ae490ffe1131461,490ccfa981df8d0292967372dc3b50eec6f2ac305edf81b1fa6924ccf8e31943,6.02,50/1,1,additional-policy-videos/displacement-0.6-to-0.8/ppo-family/masked-ppo/original-plus-added-switch/original-10x__added-10x__forward-0.6064-body-lengths/masked-ppo-moderate-0.6064.mp4
additional-policy-videos,masked-ppo-moderate-0.6108,Masked PPO,target-band,0.6108271479606628,4,36.51490783691406,0.44549259543418884,0.06,0.46,-0.05,0.004,0.0,0.0,,https://pennstateoffice365-my.sharepoint.com/personal/bqc5667_psu_edu/_layouts/15/stream.aspx?id=%2Fpersonal%2Fbqc5667_psu_edu%2FDocuments%2FLIBR%2FExperiments%2FHexapod%2FVideos%2FRL_Robin%2FRL_Binary%2Fadditional-policy-videos%2Fdisplacement-0.6-to-0.8%2Fppo-family%2Fmasked-ppo%2Foriginal-plus-added-switch%2Foriginal-10x__added-10x__forward-0.6108-body-lengths%2Fmasked-ppo-moderate-0.6108.mp4,2f1c4444a8f893a240cac96ee66671c343ac5d415fe42f1ff13d8e1c7e40cb98,c2568df2c02fdbd114af22b98410d9fa9c8c5b2ac4e5da2793eab7170ed31229,6.02,50/1,1,additional-policy-videos/displacement-0.6-to-0.8/ppo-family/masked-ppo/original-plus-added-switch/original-10x__added-10x__forward-0.6108-body-lengths/masked-ppo-moderate-0.6108.mp4
additional-policy-videos,masked-ppo-moderate-0.6143,Masked PPO,target-band,0.6142956614494324,4,34.075130462646484,0.43516188859939575,0.02,0.42,-0.025,0.002,0.0,0.0,,https://pennstateoffice365-my.sharepoint.com/personal/bqc5667_psu_edu/_layouts/15/stream.aspx?id=%2Fpersonal%2Fbqc5667_psu_edu%2FDocuments%2FLIBR%2FExperiments%2FHexapod%2FVideos%2FRL_Robin%2FRL_Binary%2Fadditional-policy-videos%2Fdisplacement-0.6-to-0.8%2Fppo-family%2Fmasked-ppo%2Foriginal-plus-added-switch%2Foriginal-5x__added-5x__forward-0.6143-body-lengths%2Fmasked-ppo-moderate-0.6143.mp4,614a812524d539797168cd600d48db4520b839471fc63b05cbea1d4e1deda207,1ffec346bc92474ea9a22f48fd48d359d1bc97669dba4920d7745c7f21148f39,6.02,50/1,1,additional-policy-videos/displacement-0.6-to-0.8/ppo-family/masked-ppo/original-plus-added-switch/original-5x__added-5x__forward-0.6143-body-lengths/masked-ppo-moderate-0.6143.mp4
additional-policy-videos,masked-ppo-moderate-0.6335,Masked PPO,target-band,0.6334729790687561,2,31.907711029052734,0.265837162733078,0.04,0.5,-0.05,0.0,0.0,0.0,,https://pennstateoffice365-my.sharepoint.com/personal/bqc5667_psu_edu/_layouts/15/stream.aspx?id=%2Fpersonal%2Fbqc5667_psu_edu%2FDocuments%2FLIBR%2FExperiments%2FHexapod%2FVideos%2FRL_Robin%2FRL_Binary%2Fadditional-policy-videos%2Fdisplacement-0.6-to-0.8%2Fppo-family%2Fmasked-ppo%2Foriginal-only%2Foriginal-10x__added-off__forward-0.6335-body-lengths%2Fmasked-ppo-moderate-0.6335.mp4,0adbf7b39f75b0538f5ffa06ca693461c9c632062564e0ee34acd3f3bfb6e0cd,2e4336bf02e9a8e5628e6d30cf6bd2ae46328d54dc8c53ae49c23c344ae2f801,6.02,50/1,1,additional-policy-videos/displacement-0.6-to-0.8/ppo-family/masked-ppo/original-only/original-10x__added-off__forward-0.6335-body-lengths/masked-ppo-moderate-0.6335.mp4
additional-policy-videos,masked-ppo-moderate-0.6385,Masked PPO,target-band,0.6384813785552979,3,28.67207145690918,0.4639380872249603,0.06,0.48,-0.05,0.004,0.0,0.0,,https://pennstateoffice365-my.sharepoint.com/personal/bqc5667_psu_edu/_layouts/15/stream.aspx?id=%2Fpersonal%2Fbqc5667_psu_edu%2FDocuments%2FLIBR%2FExperiments%2FHexapod%2FVideos%2FRL_Robin%2FRL_Binary%2Fadditional-policy-videos%2Fdisplacement-0.6-to-0.8%2Fppo-family%2Fmasked-ppo%2Foriginal-plus-added-switch%2Foriginal-10x__added-10x__forward-0.6385-body-lengths%2Fmasked-ppo-moderate-0.6385.mp4,6b2fd7824551d80bb10f68914922db5ac876a47c754ec57733c1299146fcf065,97e8d58135c74f335b84023a839c0efcf2a04e1abe0193f66945658fd528a100,6.02,50/1,1,additional-policy-videos/displacement-0.6-to-0.8/ppo-family/masked-ppo/original-plus-added-switch/original-10x__added-10x__forward-0.6385-body-lengths/masked-ppo-moderate-0.6385.mp4
additional-policy-videos,masked-ppo-moderate-0.6392,Masked PPO,target-band,0.6391808986663818,4,28.828933715820312,0.41930609941482544,0.02,0.28,-0.025,0.002,0.0,0.0,,https://pennstateoffice365-my.sharepoint.com/personal/bqc5667_psu_edu/_layouts/15/stream.aspx?id=%2Fpersonal%2Fbqc5667_psu_edu%2FDocuments%2FLIBR%2FExperiments%2FHexapod%2FVideos%2FRL_Robin%2FRL_Binary%2Fadditional-policy-videos%2Fdisplacement-0.6-to-0.8%2Fppo-family%2Fmasked-ppo%2Foriginal-plus-added-switch%2Foriginal-5x__added-5x__forward-0.6392-body-lengths%2Fmasked-ppo-moderate-0.6392.mp4,a3d25c7a2480bc1a4f612f26af6e77de7a5cb0d18b31bad28ab3f8c022d66076,dd122730ab3d55ca16ca693322b72a7133b9a496a2f5185c75c32db66cf01dc8,6.02,50/1,1,additional-policy-videos/displacement-0.6-to-0.8/ppo-family/masked-ppo/original-plus-added-switch/original-5x__added-5x__forward-0.6392-body-lengths/masked-ppo-moderate-0.6392.mp4
additional-policy-videos,masked-ppo-moderate-0.6579,Masked PPO,target-band,0.6579409241676331,4,29.788877487182617,0.7300549745559692,0.04,0.46,-0.025,0.002,0.0,0.0,,https://pennstateoffice365-my.sharepoint.com/personal/bqc5667_psu_edu/_layouts/15/stream.aspx?id=%2Fpersonal%2Fbqc5667_psu_edu%2FDocuments%2FLIBR%2FExperiments%2FHexapod%2FVideos%2FRL_Robin%2FRL_Binary%2Fadditional-policy-videos%2Fdisplacement-0.6-to-0.8%2Fppo-family%2Fmasked-ppo%2Foriginal-plus-added-switch%2Foriginal-5x__added-5x__forward-0.6579-body-lengths%2Fmasked-ppo-moderate-0.6579.mp4,a7132fa909b8501584f26cdf6edd6109014a54089d966b436b8313be75e692cd,63fb79064e490bce7cf531347450139ea75c462084aaea1ffc5ace64039c0ce6,6.02,50/1,1,additional-policy-videos/displacement-0.6-to-0.8/ppo-family/masked-ppo/original-plus-added-switch/original-5x__added-5x__forward-0.6579-body-lengths/masked-ppo-moderate-0.6579.mp4
additional-policy-videos,masked-ppo-moderate-0.6600,Masked PPO,target-band,0.6600448489189148,3,30.241901397705078,0.4171852171421051,0.02,0.5,-0.05,0.0,0.0,0.0,,https://pennstateoffice365-my.sharepoint.com/personal/bqc5667_psu_edu/_layouts/15/stream.aspx?id=%2Fpersonal%2Fbqc5667_psu_edu%2FDocuments%2FLIBR%2FExperiments%2FHexapod%2FVideos%2FRL_Robin%2FRL_Binary%2Fadditional-policy-videos%2Fdisplacement-0.6-to-0.8%2Fppo-family%2Fmasked-ppo%2Foriginal-only%2Foriginal-10x__added-off__forward-0.6600-body-lengths%2Fmasked-ppo-moderate-0.6600.mp4,d0cb6adfe422626500e633f2612e98dfb810a6492017ef4043328e5ac5c85d88,090c3cd6412628117eb5a4723dac15df795d5007f5408cabad6338000fbab7da,6.02,50/1,1,additional-policy-videos/displacement-0.6-to-0.8/ppo-family/masked-ppo/original-only/original-10x__added-off__forward-0.6600-body-lengths/masked-ppo-moderate-0.6600.mp4
additional-policy-videos,masked-ppo-moderate-0.6670,Masked PPO,target-band,0.666968822479248,2,27.673383712768555,0.3252003490924835,0.02,0.5,-0.05,0.0,0.0,0.0,,https://pennstateoffice365-my.sharepoint.com/personal/bqc5667_psu_edu/_layouts/15/stream.aspx?id=%2Fpersonal%2Fbqc5667_psu_edu%2FDocuments%2FLIBR%2FExperiments%2FHexapod%2FVideos%2FRL_Robin%2FRL_Binary%2Fadditional-policy-videos%2Fdisplacement-0.6-to-0.8%2Fppo-family%2Fmasked-ppo%2Foriginal-only%2Foriginal-10x__added-off__forward-0.6670-body-lengths%2Fmasked-ppo-moderate-0.6670.mp4,fc441df75984f9ffa4280a8ee5109c237acdc8d5fef0dcf884b2388c81e0a904,6daf009d0f157f0839854c9e0524dfbbdca9c5c6b6917ffef3ab3a622251adf3,6.02,50/1,1,additional-policy-videos/displacement-0.6-to-0.8/ppo-family/masked-ppo/original-only/original-10x__added-off__forward-0.6670-body-lengths/masked-ppo-moderate-0.6670.mp4
additional-policy-videos,masked-ppo-moderate-0.6774,Masked PPO,target-band,0.6773647665977478,4,36.875648498535156,0.37395188212394714,0.08,0.42,-0.15,0.012,0.0,0.0,,https://pennstateoffice365-my.sharepoint.com/personal/bqc5667_psu_edu/_layouts/15/stream.aspx?id=%2Fpersonal%2Fbqc5667_psu_edu%2FDocuments%2FLIBR%2FExperiments%2FHexapod%2FVideos%2FRL_Robin%2FRL_Binary%2Fadditional-policy-videos%2Fdisplacement-0.6-to-0.8%2Fppo-family%2Fmasked-ppo%2Foriginal-plus-added-switch%2Foriginal-30x__added-30x__forward-0.6774-body-lengths%2Fmasked-ppo-moderate-0.6774.mp4,1b9bef7980bcad65499ed2edb68e8b09a14c992bae8039b6c0aeeadeef32956a,dde07f8e34f9730cb3d1d3f2ea619e05e5da0bd9b19fc6f7734d454420dedb9b,6.02,50/1,1,additional-policy-videos/displacement-0.6-to-0.8/ppo-family/masked-ppo/original-plus-added-switch/original-30x__added-30x__forward-0.6774-body-lengths/masked-ppo-moderate-0.6774.mp4
additional-policy-videos,dqn-higher-0.8328,DQN,higher-displacement,0.8327593207359314,2,28.193218231201172,0.3370935022830963,0.34,0.44,-0.5,0.04,0.0,0.0,,https://pennstateoffice365-my.sharepoint.com/personal/bqc5667_psu_edu/_layouts/15/stream.aspx?id=%2Fpersonal%2Fbqc5667_psu_edu%2FDocuments%2FLIBR%2FExperiments%2FHexapod%2FVideos%2FRL_Robin%2FRL_Binary%2Fadditional-policy-videos%2Fdisplacement-above-0.8%2Fdqn-family%2Fdqn%2Foriginal-plus-added-switch%2Foriginal-100x__added-100x__forward-0.8328-body-lengths%2Fdqn-higher-0.8328.mp4,4ccc1884f3dc4d1eff6ff94a1f62602d914b19ac2664c4778ae21abc85d43b93,49e0874deab873eec081b80b627bfa4c75e2f13bcb03dd1927831dadc36db19f,6.02,50/1,1,additional-policy-videos/displacement-above-0.8/dqn-family/dqn/original-plus-added-switch/original-100x__added-100x__forward-0.8328-body-lengths/dqn-higher-0.8328.mp4
additional-policy-videos,dqn-higher-0.8553,DQN,higher-displacement,0.8552921414375305,2,25.990314483642578,0.24905964732170105,0.34,0.42,-0.5,0.04,0.0,0.0,,https://pennstateoffice365-my.sharepoint.com/personal/bqc5667_psu_edu/_layouts/15/stream.aspx?id=%2Fpersonal%2Fbqc5667_psu_edu%2FDocuments%2FLIBR%2FExperiments%2FHexapod%2FVideos%2FRL_Robin%2FRL_Binary%2Fadditional-policy-videos%2Fdisplacement-above-0.8%2Fdqn-family%2Fdqn%2Foriginal-plus-added-switch%2Foriginal-100x__added-100x__forward-0.8553-body-lengths%2Fdqn-higher-0.8553.mp4,665a4bb450f193360a2efdfdf05716b5f902b73070bf1d22f367d2c1c172320a,ea03d7c71302ab4d687631b49441b31040e1beacc8f8af21e6c5d89c19c73417,6.02,50/1,1,additional-policy-videos/displacement-above-0.8/dqn-family/dqn/original-plus-added-switch/original-100x__added-100x__forward-0.8553-body-lengths/dqn-higher-0.8553.mp4
additional-policy-videos,dqn-higher-0.8941,DQN,higher-displacement,0.894069254398346,2,31.342708587646484,0.22962427139282227,0.18,0.36,-0.5,0.0,0.0,0.0,,https://pennstateoffice365-my.sharepoint.com/personal/bqc5667_psu_edu/_layouts/15/stream.aspx?id=%2Fpersonal%2Fbqc5667_psu_edu%2FDocuments%2FLIBR%2FExperiments%2FHexapod%2FVideos%2FRL_Robin%2FRL_Binary%2Fadditional-policy-videos%2Fdisplacement-above-0.8%2Fdqn-family%2Fdqn%2Foriginal-only%2Foriginal-100x__added-off__forward-0.8941-body-lengths%2Fdqn-higher-0.8941.mp4,d9fed95f2c256b4b4fa4293f7b1cc806f70a1c112b83b7dfb3834ec58fd90655,db8faf4f1a58c5ead07b682f1d7e184493e11e379bfbe1ee2240f57334eb5f96,6.02,50/1,1,additional-policy-videos/displacement-above-0.8/dqn-family/dqn/original-only/original-100x__added-off__forward-0.8941-body-lengths/dqn-higher-0.8941.mp4
additional-policy-videos,dqn-higher-0.9427,DQN,higher-displacement,0.9427403807640076,4,28.53096580505371,0.1959141343832016,0.06,0.28,-0.05,0.0,0.0,0.0,,https://pennstateoffice365-my.sharepoint.com/personal/bqc5667_psu_edu/_layouts/15/stream.aspx?id=%2Fpersonal%2Fbqc5667_psu_edu%2FDocuments%2FLIBR%2FExperiments%2FHexapod%2FVideos%2FRL_Robin%2FRL_Binary%2Fadditional-policy-videos%2Fdisplacement-above-0.8%2Fdqn-family%2Fdqn%2Foriginal-only%2Foriginal-10x__added-off__forward-0.9427-body-lengths%2Fdqn-higher-0.9427.mp4,50c43951de8d26a228f5687754d9a4b329f88c10ac9c94bcc89722fe20b6ce0b,d4e96f56a7149dbe21737f03ee795567a9a3bea94c083b5bd1bad3f5573e057a,6.02,50/1,1,additional-policy-videos/displacement-above-0.8/dqn-family/dqn/original-only/original-10x__added-off__forward-0.9427-body-lengths/dqn-higher-0.9427.mp4
additional-policy-videos,dqn-higher-0.9894,DQN,higher-displacement,0.9893903136253357,4,29.60694694519043,0.15813800692558289,0.04,0.26,-0.025,0.002,0.0,0.0,,https://pennstateoffice365-my.sharepoint.com/personal/bqc5667_psu_edu/_layouts/15/stream.aspx?id=%2Fpersonal%2Fbqc5667_psu_edu%2FDocuments%2FLIBR%2FExperiments%2FHexapod%2FVideos%2FRL_Robin%2FRL_Binary%2Fadditional-policy-videos%2Fdisplacement-above-0.8%2Fdqn-family%2Fdqn%2Foriginal-plus-added-switch%2Foriginal-5x__added-5x__forward-0.9894-body-lengths%2Fdqn-higher-0.9894.mp4,4c83c0619d68277f0357eb5ee5854c55d7efa91f7b767a8404cb202591b91d8f,9983ac159af1870a4b3d12a67a7a0ca39a0e481185c69d941abcd2121bc794a8,6.02,50/1,1,additional-policy-videos/displacement-above-0.8/dqn-family/dqn/original-plus-added-switch/original-5x__added-5x__forward-0.9894-body-lengths/dqn-higher-0.9894.mp4
additional-policy-videos,ddqn-higher-0.8355,DDQN,higher-displacement,0.8355423808097839,2,26.986766815185547,0.374227911233902,0.34,0.46,-0.5,0.04,0.0,0.0,,https://pennstateoffice365-my.sharepoint.com/personal/bqc5667_psu_edu/_layouts/15/stream.aspx?id=%2Fpersonal%2Fbqc5667_psu_edu%2FDocuments%2FLIBR%2FExperiments%2FHexapod%2FVideos%2FRL_Robin%2FRL_Binary%2Fadditional-policy-videos%2Fdisplacement-above-0.8%2Fdqn-family%2Fddqn%2Foriginal-plus-added-switch%2Foriginal-100x__added-100x__forward-0.8355-body-lengths%2Fddqn-higher-0.8355.mp4,0abf5e92261661039174dca2a026d87b63d4fd9d6a267dc0f3eb7bb531450d85,6661ae920882720cd83431bf192d7510b4eb13b83d4345772576a536da3d56b7,6.02,50/1,1,additional-policy-videos/displacement-above-0.8/dqn-family/ddqn/original-plus-added-switch/original-100x__added-100x__forward-0.8355-body-lengths/ddqn-higher-0.8355.mp4
additional-policy-videos,ddqn-higher-0.8738,DDQN,higher-displacement,0.873798131942749,2,28.743738174438477,0.26423296332359314,0.16,0.48,-0.5,0.0,0.0,0.0,,https://pennstateoffice365-my.sharepoint.com/personal/bqc5667_psu_edu/_layouts/15/stream.aspx?id=%2Fpersonal%2Fbqc5667_psu_edu%2FDocuments%2FLIBR%2FExperiments%2FHexapod%2FVideos%2FRL_Robin%2FRL_Binary%2Fadditional-policy-videos%2Fdisplacement-above-0.8%2Fdqn-family%2Fddqn%2Foriginal-only%2Foriginal-100x__added-off__forward-0.8738-body-lengths%2Fddqn-higher-0.8738.mp4,5493d249bf25ca5cebacfcb5735aec3ec8b72174019af6ea387e89b958cf56e2,cdcd5c062499c40666f067bc91ab850997dd6c3352dd2e8093d49f02a79b7e06,6.02,50/1,1,additional-policy-videos/displacement-above-0.8/dqn-family/ddqn/original-only/original-100x__added-off__forward-0.8738-body-lengths/ddqn-higher-0.8738.mp4
additional-policy-videos,ddqn-higher-0.9005,DDQN,higher-displacement,0.900473415851593,2,29.215822219848633,0.22578558325767517,0.14,0.38,-0.5,0.0,0.0,0.0,,https://pennstateoffice365-my.sharepoint.com/personal/bqc5667_psu_edu/_layouts/15/stream.aspx?id=%2Fpersonal%2Fbqc5667_psu_edu%2FDocuments%2FLIBR%2FExperiments%2FHexapod%2FVideos%2FRL_Robin%2FRL_Binary%2Fadditional-policy-videos%2Fdisplacement-above-0.8%2Fdqn-family%2Fddqn%2Foriginal-only%2Foriginal-100x__added-off__forward-0.9005-body-lengths%2Fddqn-higher-0.9005.mp4,9f06c5d77ed080c5f7a1134e9981aeaf979918e1640e1b3b7cb6446a621f580f,50b83468f502db262514947ef71da40778357a4327a3e7b0d807224e895fd32e,6.02,50/1,1,additional-policy-videos/displacement-above-0.8/dqn-family/ddqn/original-only/original-100x__added-off__forward-0.9005-body-lengths/ddqn-higher-0.9005.mp4
additional-policy-videos,ddqn-higher-0.9471,DDQN,higher-displacement,0.947058379650116,2,25.704742431640625,0.30159053206443787,0.16,0.38,-0.5,0.0,0.0,0.0,,https://pennstateoffice365-my.sharepoint.com/personal/bqc5667_psu_edu/_layouts/15/stream.aspx?id=%2Fpersonal%2Fbqc5667_psu_edu%2FDocuments%2FLIBR%2FExperiments%2FHexapod%2FVideos%2FRL_Robin%2FRL_Binary%2Fadditional-policy-videos%2Fdisplacement-above-0.8%2Fdqn-family%2Fddqn%2Foriginal-only%2Foriginal-100x__added-off__forward-0.9471-body-lengths%2Fddqn-higher-0.9471.mp4,7ccc0812c29a02677ecb38348e2e4c84b6f4f60f42ad778980b126abbfdfc381,ad72df4e4c55457783efb68713e995c3ed79612ad36995e927a85b52ca485040,6.02,50/1,1,additional-policy-videos/displacement-above-0.8/dqn-family/ddqn/original-only/original-100x__added-off__forward-0.9471-body-lengths/ddqn-higher-0.9471.mp4
additional-policy-videos,ddqn-higher-0.9948,DDQN,higher-displacement,0.9948405623435974,2,26.35237693786621,0.18566587567329407,0.14,0.28,-0.15,0.0,0.0,0.0,,https://pennstateoffice365-my.sharepoint.com/personal/bqc5667_psu_edu/_layouts/15/stream.aspx?id=%2Fpersonal%2Fbqc5667_psu_edu%2FDocuments%2FLIBR%2FExperiments%2FHexapod%2FVideos%2FRL_Robin%2FRL_Binary%2Fadditional-policy-videos%2Fdisplacement-above-0.8%2Fdqn-family%2Fddqn%2Foriginal-only%2Foriginal-30x__added-off__forward-0.9948-body-lengths%2Fddqn-higher-0.9948.mp4,f3b89e913a43ba319478eb94fa8bc03fbd93d9511b9510250c3cbd57340be9c4,1d4d78c1101a9c34b87b0e6b1d16efaede8d61fb2b5458835835302c335283e4,6.02,50/1,1,additional-policy-videos/displacement-above-0.8/dqn-family/ddqn/original-only/original-30x__added-off__forward-0.9948-body-lengths/ddqn-higher-0.9948.mp4
