0.325605437020687,-0.601640397875612,-0.460194236365692,-1.180398216278,-1.180398216278,-0.460194236365692,-1.180398216278,-0.460194236365692
0.423454035951003,-0.519764872090606,-0.460194236365692,-1.180398216278,-1.180398216278,-0.460194236365692,-1.180398216278,-0.460194236365692
0.514349531318021,-0.429354821475548,-0.460194236365692,-1.180398216278,-1.180398216278,-0.460194236365692,-1.180398216278,-0.460194236365692
0.596799421600758,-0.331894776562017,-0.460194236365692,-1.180398216278,-1.180398216278,-0.460194236365692,-1.180398216278,-0.460194236365692
0.669449881880221,-0.228985028593063,-0.460194236365692,-1.180398216278,-1.180398216278,-0.460194236365692,-1.180398216278,-0.460194236365692
0.731107993607153,-0.122315352785244,-0.460194236365692,-1.180398216278,-1.180398216278,-0.460194236365692,-1.180398216278,-0.460194236365692
0.780761332291625,-0.013637262266282,-0.460194236365692,-1.180398216278,-1.180398216278,-0.460194236365692,-1.180398216278,-0.460194236365692
0.817594591485182,0.0952647517220701,-1.180398216278,-0.460194236365692,-0.460194236365692,-1.180398216278,-0.460194236365692,-1.180398216278
0.841002970090174,0.202602521120882,-1.180398216278,-0.460194236365692,-0.460194236365692,-1.180398216278,-0.460194236365692,-1.180398216278
0.850602103177068,0.306613562724138,-1.180398216278,-0.460194236365692,-0.460194236365692,-1.180398216278,-0.460194236365692,-1.180398216278
0.846234373245959,0.405590018104253,-1.180398216278,-0.460194236365692,-0.460194236365692,-1.180398216278,-0.460194236365692,-1.180398216278
0.827971498301563,0.497906696600238,-1.180398216278,-0.460194236365692,-0.460194236365692,-1.180398216278,-0.460194236365692,-1.180398216278
0.796113354245563,0.58204776090342,-1.180398216278,-0.460194236365692,-0.460194236365692,-1.180398216278,-0.460194236365692,-1.180398216278
0.751183050922593,0.656631617064147,-1.180398216278,-0.460194236365692,-0.460194236365692,-1.180398216278,-0.460194236365692,-1.180398216278
0.693918342671049,0.720433600226242,-1.180398216278,-0.460194236365692,-0.460194236365692,-1.180398216278,-0.460194236365692,-1.180398216278
0.625259514417256,0.772406083590084,-1.180398216278,-0.460194236365692,-0.460194236365692,-1.180398216278,-0.460194236365692,-1.180398216278
0.546333942222963,0.811695680415695,-1.180398216278,-0.460194236365692,-0.460194236365692,-1.180398216278,-0.460194236365692,-1.180398216278
0.458437581801586,0.837657256609419,-1.180398216278,-0.460194236365692,-0.460194236365692,-1.180398216278,-0.460194236365692,-1.180398216278
0.363013688961218,0.849864523807901,-1.180398216278,-0.460194236365692,-0.460194236365692,-1.180398216278,-0.460194236365692,-1.180398216278
0.261629121384163,0.84811703902123,-1.180398216278,-0.460194236365692,-0.460194236365692,-1.180398216278,-0.460194236365692,-1.180398216278
0.155948610867107,0.832443495901292,-1.180398216278,-0.460194236365692,-0.460194236365692,-1.180398216278,-0.460194236365692,-1.180398216278
0.0477074284710449,0.803101253592797,-1.180398216278,-0.460194236365692,-0.460194236365692,-1.180398216278,-0.460194236365692,-1.180398216278
-0.0613171085815683,0.760572110903241,-1.180398216278,-0.460194236365692,-0.460194236365692,-1.180398216278,-0.460194236365692,-1.180398216278
-0.169334820406476,0.705554395179805,-1.180398216278,-0.460194236365692,-0.460194236365692,-1.180398216278,-0.460194236365692,-1.180398216278
-0.274572059161822,0.638951495793621,-1.180398216278,-0.460194236365692,-0.460194236365692,-1.180398216278,-0.460194236365692,-1.180398216278
-0.375300832296687,0.561857030511272,-1.180398216278,-0.460194236365692,-0.460194236365692,-1.180398216278,-0.460194236365692,-1.180398216278
-0.46986717614099,0.475536888321305,-1.180398216278,-0.460194236365692,-0.460194236365692,-1.180398216278,-0.460194236365692,-1.180398216278
-0.556718313943238,0.381408443572029,-1.180398216278,-0.460194236365692,-0.460194236365692,-1.180398216278,-0.460194236365692,-1.180398216278
-0.634428152421846,0.281017282723905,-1.180398216278,-0.460194236365692,-0.460194236365692,-1.180398216278,-0.460194236365692,-1.180398216278
-0.701720698177401,0.176011825862598,-1.180398216278,-0.460194236365692,-0.460194236365692,-1.180398216278,-0.460194236365692,-1.180398216278
-0.757491009468999,0.0681162596867356,-1.180398216278,-0.460194236365692,-0.460194236365692,-1.180398216278,-0.460194236365692,-1.180398216278
-0.800823339327085,-0.0408977735900069,-0.460194236365692,-1.180398216278,-1.180398216278,-0.460194236365692,-1.180398216278,-0.460194236365692
-0.831006172093376,-0.149240266555082,-0.460194236365692,-1.180398216278,-1.180398216278,-0.460194236365692,-1.180398216278,-0.460194236365692
-0.8475439064883,-0.255132238469292,-0.460194236365692,-1.180398216278,-1.180398216278,-0.460194236365692,-1.180398216278,-0.460194236365692
-0.850164993370302,-0.356834946081348,-0.460194236365692,-1.180398216278,-1.180398216278,-0.460194236365692,-1.180398216278,-0.460194236365692
-0.838826394565244,-0.452678433743982,-0.460194236365692,-1.180398216278,-1.180398216278,-0.460194236365692,-1.180398216278,-0.460194236365692
-0.813714289552031,-0.541088954039512,-0.460194236365692,-1.180398216278,-1.180398216278,-0.460194236365692,-1.180398216278,-0.460194236365692
-0.775241018400721,-0.620614808668923,-0.460194236365692,-1.180398216278,-1.180398216278,-0.460194236365692,-1.180398216278,-0.460194236365692
-0.724038311159965,-0.689950185297814,-0.460194236365692,-1.180398216278,-1.180398216278,-0.460194236365692,-1.180398216278,-0.460194236365692
-0.660946914867081,-0.747956598958817,-0.460194236365692,-1.180398216278,-1.180398216278,-0.460194236365692,-1.180398216278,-0.460194236365692
-0.587002788504944,-0.793681585943293,-0.460194236365692,-1.180398216278,-1.180398216278,-0.460194236365692,-1.180398216278,-0.460194236365692
-0.503420092584125,-0.826374343229091,-0.460194236365692,-1.180398216278,-1.180398216278,-0.460194236365692,-1.180398216278,-0.460194236365692
-0.411571252660874,-0.84549805664542,-0.460194236365692,-1.180398216278,-1.180398216278,-0.460194236365692,-1.180398216278,-0.460194236365692
-0.312964424147432,-0.850738715346686,-0.460194236365692,-1.180398216278,-1.180398216278,-0.460194236365692,-1.180398216278,-0.460194236365692
-0.209218728441859,-0.842010267861901,-0.460194236365692,-1.180398216278,-1.180398216278,-0.460194236365692,-1.180398216278,-0.460194236365692
-0.102037666999431,-0.819456035057454,-0.460194236365692,-1.180398216278,-1.180398216278,-0.460194236365692,-1.180398216278,-0.460194236365692
0.00681885011414123,-0.783446356812449,-0.460194236365692,-1.180398216278,-1.180398216278,-0.460194236365692,-1.180398216278,-0.460194236365692
0.115563401897356,-0.734572511048126,-0.460194236365692,-1.180398216278,-1.180398216278,-0.460194236365692,-1.180398216278,-0.460194236365692
0.22241040581634,-0.673637004960747,-0.460194236365692,-1.180398216278,-1.180398216278,-0.460194236365692,-1.180398216278,-0.460194236365692
0.325605437020686,-0.601640397875612,-0.460194236365692,-1.180398216278,-1.180398216278,-0.460194236365692,-1.180398216278,-0.460194236365692
0.325605437020687,-0.601640397875612,-0.460194236365692,-1.180398216278,-1.180398216278,-0.460194236365692,-1.180398216278,-0.460194236365692
